,Date_key,Day_Number,Day_val,Month_val,Short_Month,Calendar_Month_Number,Calendar_Year,Fiscal_Month_Number,Fiscal_Year
0,2013-01-01,1,1,January,Jan,1,2013,3,2013
1,2013-01-02,2,2,January,Jan,1,2013,3,2013
2,2013-01-03,3,3,January,Jan,1,2013,3,2013
3,2013-01-04,4,4,January,Jan,1,2013,3,2013
4,2013-01-05,5,5,January,Jan,1,2013,3,2013
5,2013-01-06,6,6,January,Jan,1,2013,3,2013
6,2013-01-07,7,7,January,Jan,1,2013,3,2013
7,2013-01-08,8,8,January,Jan,1,2013,3,2013
8,2013-01-09,9,9,January,Jan,1,2013,3,2013
9,2013-01-10,10,10,January,Jan,1,2013,3,2013
10,2013-01-11,11,11,January,Jan,1,2013,3,2013
11,2013-01-12,12,12,January,Jan,1,2013,3,2013
12,2013-01-13,13,13,January,Jan,1,2013,3,2013
13,2013-01-14,14,14,January,Jan,1,2013,3,2013
14,2013-01-15,15,15,January,Jan,1,2013,3,2013
15,2013-01-16,16,16,January,Jan,1,2013,3,2013
16,2013-01-17,17,17,January,Jan,1,2013,3,2013
17,2013-01-18,18,18,January,Jan,1,2013,3,2013
18,2013-01-19,19,19,January,Jan,1,2013,3,2013
19,2013-01-20,20,20,January,Jan,1,2013,3,2013
20,2013-01-21,21,21,January,Jan,1,2013,3,2013
21,2013-01-22,22,22,January,Jan,1,2013,3,2013
22,2013-01-23,23,23,January,Jan,1,2013,3,2013
23,2013-01-24,24,24,January,Jan,1,2013,3,2013
24,2013-01-25,25,25,January,Jan,1,2013,3,2013
25,2013-01-26,26,26,January,Jan,1,2013,3,2013
26,2013-01-27,27,27,January,Jan,1,2013,3,2013
27,2013-01-28,28,28,January,Jan,1,2013,3,2013
28,2013-01-29,29,29,January,Jan,1,2013,3,2013
29,2013-01-30,30,30,January,Jan,1,2013,3,2013
30,2013-01-31,31,31,January,Jan,1,2013,3,2013
31,2013-02-01,1,1,February,Feb,2,2013,4,2013
32,2013-02-02,2,2,February,Feb,2,2013,4,2013
33,2013-02-03,3,3,February,Feb,2,2013,4,2013
34,2013-02-04,4,4,February,Feb,2,2013,4,2013
35,2013-02-05,5,5,February,Feb,2,2013,4,2013
36,2013-02-06,6,6,February,Feb,2,2013,4,2013
37,2013-02-07,7,7,February,Feb,2,2013,4,2013
38,2013-02-08,8,8,February,Feb,2,2013,4,2013
39,2013-02-09,9,9,February,Feb,2,2013,4,2013
40,2013-02-10,10,10,February,Feb,2,2013,4,2013
41,2013-02-11,11,11,February,Feb,2,2013,4,2013
42,2013-02-12,12,12,February,Feb,2,2013,4,2013
43,2013-02-13,13,13,February,Feb,2,2013,4,2013
44,2013-02-14,14,14,February,Feb,2,2013,4,2013
45,2013-02-15,15,15,February,Feb,2,2013,4,2013
46,2013-02-16,16,16,February,Feb,2,2013,4,2013
47,2013-02-17,17,17,February,Feb,2,2013,4,2013
48,2013-02-18,18,18,February,Feb,2,2013,4,2013
49,2013-02-19,19,19,February,Feb,2,2013,4,2013
50,2013-02-20,20,20,February,Feb,2,2013,4,2013
51,2013-02-21,21,21,February,Feb,2,2013,4,2013
52,2013-02-22,22,22,February,Feb,2,2013,4,2013
53,2013-02-23,23,23,February,Feb,2,2013,4,2013
54,2013-02-24,24,24,February,Feb,2,2013,4,2013
55,2013-02-25,25,25,February,Feb,2,2013,4,2013
56,2013-02-26,26,26,February,Feb,2,2013,4,2013
57,2013-02-27,27,27,February,Feb,2,2013,4,2013
58,2013-02-28,28,28,February,Feb,2,2013,4,2013
59,2013-03-01,1,1,March,Mar,3,2013,5,2013
60,2013-03-02,2,2,March,Mar,3,2013,5,2013
61,2013-03-03,3,3,March,Mar,3,2013,5,2013
62,2013-03-04,4,4,March,Mar,3,2013,5,2013
63,2013-03-05,5,5,March,Mar,3,2013,5,2013
64,2013-03-06,6,6,March,Mar,3,2013,5,2013
65,2013-03-07,7,7,March,Mar,3,2013,5,2013
66,2013-03-08,8,8,March,Mar,3,2013,5,2013
67,2013-03-09,9,9,March,Mar,3,2013,5,2013
68,2013-03-10,10,10,March,Mar,3,2013,5,2013
69,2013-03-11,11,11,March,Mar,3,2013,5,2013
70,2013-03-12,12,12,March,Mar,3,2013,5,2013
71,2013-03-13,13,13,March,Mar,3,2013,5,2013
72,2013-03-14,14,14,March,Mar,3,2013,5,2013
73,2013-03-15,15,15,March,Mar,3,2013,5,2013
74,2013-03-16,16,16,March,Mar,3,2013,5,2013
75,2013-03-17,17,17,March,Mar,3,2013,5,2013
76,2013-03-18,18,18,March,Mar,3,2013,5,2013
77,2013-03-19,19,19,March,Mar,3,2013,5,2013
78,2013-03-20,20,20,March,Mar,3,2013,5,2013
79,2013-03-21,21,21,March,Mar,3,2013,5,2013
80,2013-03-22,22,22,March,Mar,3,2013,5,2013
81,2013-03-23,23,23,March,Mar,3,2013,5,2013
82,2013-03-24,24,24,March,Mar,3,2013,5,2013
83,2013-03-25,25,25,March,Mar,3,2013,5,2013
84,2013-03-26,26,26,March,Mar,3,2013,5,2013
85,2013-03-27,27,27,March,Mar,3,2013,5,2013
86,2013-03-28,28,28,March,Mar,3,2013,5,2013
87,2013-03-29,29,29,March,Mar,3,2013,5,2013
88,2013-03-30,30,30,March,Mar,3,2013,5,2013
89,2013-03-31,31,31,March,Mar,3,2013,5,2013
90,2013-04-01,1,1,April,Apr,4,2013,6,2013
91,2013-04-02,2,2,April,Apr,4,2013,6,2013
92,2013-04-03,3,3,April,Apr,4,2013,6,2013
93,2013-04-04,4,4,April,Apr,4,2013,6,2013
94,2013-04-05,5,5,April,Apr,4,2013,6,2013
95,2013-04-06,6,6,April,Apr,4,2013,6,2013
96,2013-04-07,7,7,April,Apr,4,2013,6,2013
97,2013-04-08,8,8,April,Apr,4,2013,6,2013
98,2013-04-09,9,9,April,Apr,4,2013,6,2013
99,2013-04-10,10,10,April,Apr,4,2013,6,2013
100,2013-04-11,11,11,April,Apr,4,2013,6,2013
101,2013-04-12,12,12,April,Apr,4,2013,6,2013
102,2013-04-13,13,13,April,Apr,4,2013,6,2013
103,2013-04-14,14,14,April,Apr,4,2013,6,2013
104,2013-04-15,15,15,April,Apr,4,2013,6,2013
105,2013-04-16,16,16,April,Apr,4,2013,6,2013
106,2013-04-17,17,17,April,Apr,4,2013,6,2013
107,2013-04-18,18,18,April,Apr,4,2013,6,2013
108,2013-04-19,19,19,April,Apr,4,2013,6,2013
109,2013-04-20,20,20,April,Apr,4,2013,6,2013
110,2013-04-21,21,21,April,Apr,4,2013,6,2013
111,2013-04-22,22,22,April,Apr,4,2013,6,2013
112,2013-04-23,23,23,April,Apr,4,2013,6,2013
113,2013-04-24,24,24,April,Apr,4,2013,6,2013
114,2013-04-25,25,25,April,Apr,4,2013,6,2013
115,2013-04-26,26,26,April,Apr,4,2013,6,2013
116,2013-04-27,27,27,April,Apr,4,2013,6,2013
117,2013-04-28,28,28,April,Apr,4,2013,6,2013
118,2013-04-29,29,29,April,Apr,4,2013,6,2013
119,2013-04-30,30,30,April,Apr,4,2013,6,2013
120,2013-05-01,1,1,May,May,5,2013,7,2013
121,2013-05-02,2,2,May,May,5,2013,7,2013
122,2013-05-03,3,3,May,May,5,2013,7,2013
123,2013-05-04,4,4,May,May,5,2013,7,2013
124,2013-05-05,5,5,May,May,5,2013,7,2013
125,2013-05-06,6,6,May,May,5,2013,7,2013
126,2013-05-07,7,7,May,May,5,2013,7,2013
127,2013-05-08,8,8,May,May,5,2013,7,2013
128,2013-05-09,9,9,May,May,5,2013,7,2013
129,2013-05-10,10,10,May,May,5,2013,7,2013
130,2013-05-11,11,11,May,May,5,2013,7,2013
131,2013-05-12,12,12,May,May,5,2013,7,2013
132,2013-05-13,13,13,May,May,5,2013,7,2013
133,2013-05-14,14,14,May,May,5,2013,7,2013
134,2013-05-15,15,15,May,May,5,2013,7,2013
135,2013-05-16,16,16,May,May,5,2013,7,2013
136,2013-05-17,17,17,May,May,5,2013,7,2013
137,2013-05-18,18,18,May,May,5,2013,7,2013
138,2013-05-19,19,19,May,May,5,2013,7,2013
139,2013-05-20,20,20,May,May,5,2013,7,2013
140,2013-05-21,21,21,May,May,5,2013,7,2013
141,2013-05-22,22,22,May,May,5,2013,7,2013
142,2013-05-23,23,23,May,May,5,2013,7,2013
143,2013-05-24,24,24,May,May,5,2013,7,2013
144,2013-05-25,25,25,May,May,5,2013,7,2013
145,2013-05-26,26,26,May,May,5,2013,7,2013
146,2013-05-27,27,27,May,May,5,2013,7,2013
147,2013-05-28,28,28,May,May,5,2013,7,2013
148,2013-05-29,29,29,May,May,5,2013,7,2013
149,2013-05-30,30,30,May,May,5,2013,7,2013
150,2013-05-31,31,31,May,May,5,2013,7,2013
151,2013-06-01,1,1,June,Jun,6,2013,8,2013
152,2013-06-02,2,2,June,Jun,6,2013,8,2013
153,2013-06-03,3,3,June,Jun,6,2013,8,2013
154,2013-06-04,4,4,June,Jun,6,2013,8,2013
155,2013-06-05,5,5,June,Jun,6,2013,8,2013
156,2013-06-06,6,6,June,Jun,6,2013,8,2013
157,2013-06-07,7,7,June,Jun,6,2013,8,2013
158,2013-06-08,8,8,June,Jun,6,2013,8,2013
159,2013-06-09,9,9,June,Jun,6,2013,8,2013
160,2013-06-10,10,10,June,Jun,6,2013,8,2013
161,2013-06-11,11,11,June,Jun,6,2013,8,2013
162,2013-06-12,12,12,June,Jun,6,2013,8,2013
163,2013-06-13,13,13,June,Jun,6,2013,8,2013
164,2013-06-14,14,14,June,Jun,6,2013,8,2013
165,2013-06-15,15,15,June,Jun,6,2013,8,2013
166,2013-06-16,16,16,June,Jun,6,2013,8,2013
167,2013-06-17,17,17,June,Jun,6,2013,8,2013
168,2013-06-18,18,18,June,Jun,6,2013,8,2013
169,2013-06-19,19,19,June,Jun,6,2013,8,2013
170,2013-06-20,20,20,June,Jun,6,2013,8,2013
171,2013-06-21,21,21,June,Jun,6,2013,8,2013
172,2013-06-22,22,22,June,Jun,6,2013,8,2013
173,2013-06-23,23,23,June,Jun,6,2013,8,2013
174,2013-06-24,24,24,June,Jun,6,2013,8,2013
175,2013-06-25,25,25,June,Jun,6,2013,8,2013
176,2013-06-26,26,26,June,Jun,6,2013,8,2013
177,2013-06-27,27,27,June,Jun,6,2013,8,2013
178,2013-06-28,28,28,June,Jun,6,2013,8,2013
179,2013-06-29,29,29,June,Jun,6,2013,8,2013
180,2013-06-30,30,30,June,Jun,6,2013,8,2013
181,2013-07-01,1,1,July,Jul,7,2013,9,2013
182,2013-07-02,2,2,July,Jul,7,2013,9,2013
183,2013-07-03,3,3,July,Jul,7,2013,9,2013
184,2013-07-04,4,4,July,Jul,7,2013,9,2013
185,2013-07-05,5,5,July,Jul,7,2013,9,2013
186,2013-07-06,6,6,July,Jul,7,2013,9,2013
187,2013-07-07,7,7,July,Jul,7,2013,9,2013
188,2013-07-08,8,8,July,Jul,7,2013,9,2013
189,2013-07-09,9,9,July,Jul,7,2013,9,2013
190,2013-07-10,10,10,July,Jul,7,2013,9,2013
191,2013-07-11,11,11,July,Jul,7,2013,9,2013
192,2013-07-12,12,12,July,Jul,7,2013,9,2013
193,2013-07-13,13,13,July,Jul,7,2013,9,2013
194,2013-07-14,14,14,July,Jul,7,2013,9,2013
195,2013-07-15,15,15,July,Jul,7,2013,9,2013
196,2013-07-16,16,16,July,Jul,7,2013,9,2013
197,2013-07-17,17,17,July,Jul,7,2013,9,2013
198,2013-07-18,18,18,July,Jul,7,2013,9,2013
199,2013-07-19,19,19,July,Jul,7,2013,9,2013
200,2013-07-20,20,20,July,Jul,7,2013,9,2013
201,2013-07-21,21,21,July,Jul,7,2013,9,2013
202,2013-07-22,22,22,July,Jul,7,2013,9,2013
203,2013-07-23,23,23,July,Jul,7,2013,9,2013
204,2013-07-24,24,24,July,Jul,7,2013,9,2013
205,2013-07-25,25,25,July,Jul,7,2013,9,2013
206,2013-07-26,26,26,July,Jul,7,2013,9,2013
207,2013-07-27,27,27,July,Jul,7,2013,9,2013
208,2013-07-28,28,28,July,Jul,7,2013,9,2013
209,2013-07-29,29,29,July,Jul,7,2013,9,2013
210,2013-07-30,30,30,July,Jul,7,2013,9,2013
211,2013-07-31,31,31,July,Jul,7,2013,9,2013
212,2013-08-01,1,1,August,Aug,8,2013,10,2013
213,2013-08-02,2,2,August,Aug,8,2013,10,2013
214,2013-08-03,3,3,August,Aug,8,2013,10,2013
215,2013-08-04,4,4,August,Aug,8,2013,10,2013
216,2013-08-05,5,5,August,Aug,8,2013,10,2013
217,2013-08-06,6,6,August,Aug,8,2013,10,2013
218,2013-08-07,7,7,August,Aug,8,2013,10,2013
219,2013-08-08,8,8,August,Aug,8,2013,10,2013
220,2013-08-09,9,9,August,Aug,8,2013,10,2013
221,2013-08-10,10,10,August,Aug,8,2013,10,2013
222,2013-08-11,11,11,August,Aug,8,2013,10,2013
223,2013-08-12,12,12,August,Aug,8,2013,10,2013
224,2013-08-13,13,13,August,Aug,8,2013,10,2013
225,2013-08-14,14,14,August,Aug,8,2013,10,2013
226,2013-08-15,15,15,August,Aug,8,2013,10,2013
227,2013-08-16,16,16,August,Aug,8,2013,10,2013
228,2013-08-17,17,17,August,Aug,8,2013,10,2013
229,2013-08-18,18,18,August,Aug,8,2013,10,2013
230,2013-08-19,19,19,August,Aug,8,2013,10,2013
231,2013-08-20,20,20,August,Aug,8,2013,10,2013
232,2013-08-21,21,21,August,Aug,8,2013,10,2013
233,2013-08-22,22,22,August,Aug,8,2013,10,2013
234,2013-08-23,23,23,August,Aug,8,2013,10,2013
235,2013-08-24,24,24,August,Aug,8,2013,10,2013
236,2013-08-25,25,25,August,Aug,8,2013,10,2013
237,2013-08-26,26,26,August,Aug,8,2013,10,2013
238,2013-08-27,27,27,August,Aug,8,2013,10,2013
239,2013-08-28,28,28,August,Aug,8,2013,10,2013
240,2013-08-29,29,29,August,Aug,8,2013,10,2013
241,2013-08-30,30,30,August,Aug,8,2013,10,2013
242,2013-08-31,31,31,August,Aug,8,2013,10,2013
243,2013-09-01,1,1,September,Sep,9,2013,11,2013
244,2013-09-02,2,2,September,Sep,9,2013,11,2013
245,2013-09-03,3,3,September,Sep,9,2013,11,2013
246,2013-09-04,4,4,September,Sep,9,2013,11,2013
247,2013-09-05,5,5,September,Sep,9,2013,11,2013
248,2013-09-06,6,6,September,Sep,9,2013,11,2013
249,2013-09-07,7,7,September,Sep,9,2013,11,2013
250,2013-09-08,8,8,September,Sep,9,2013,11,2013
251,2013-09-09,9,9,September,Sep,9,2013,11,2013
252,2013-09-10,10,10,September,Sep,9,2013,11,2013
253,2013-09-11,11,11,September,Sep,9,2013,11,2013
254,2013-09-12,12,12,September,Sep,9,2013,11,2013
255,2013-09-13,13,13,September,Sep,9,2013,11,2013
256,2013-09-14,14,14,September,Sep,9,2013,11,2013
257,2013-09-15,15,15,September,Sep,9,2013,11,2013
258,2013-09-16,16,16,September,Sep,9,2013,11,2013
259,2013-09-17,17,17,September,Sep,9,2013,11,2013
260,2013-09-18,18,18,September,Sep,9,2013,11,2013
261,2013-09-19,19,19,September,Sep,9,2013,11,2013
262,2013-09-20,20,20,September,Sep,9,2013,11,2013
263,2013-09-21,21,21,September,Sep,9,2013,11,2013
264,2013-09-22,22,22,September,Sep,9,2013,11,2013
265,2013-09-23,23,23,September,Sep,9,2013,11,2013
266,2013-09-24,24,24,September,Sep,9,2013,11,2013
267,2013-09-25,25,25,September,Sep,9,2013,11,2013
268,2013-09-26,26,26,September,Sep,9,2013,11,2013
269,2013-09-27,27,27,September,Sep,9,2013,11,2013
270,2013-09-28,28,28,September,Sep,9,2013,11,2013
271,2013-09-29,29,29,September,Sep,9,2013,11,2013
272,2013-09-30,30,30,September,Sep,9,2013,11,2013
273,2013-10-01,1,1,October,Oct,10,2013,12,2013
274,2013-10-02,2,2,October,Oct,10,2013,12,2013
275,2013-10-03,3,3,October,Oct,10,2013,12,2013
276,2013-10-04,4,4,October,Oct,10,2013,12,2013
277,2013-10-05,5,5,October,Oct,10,2013,12,2013
278,2013-10-06,6,6,October,Oct,10,2013,12,2013
279,2013-10-07,7,7,October,Oct,10,2013,12,2013
280,2013-10-08,8,8,October,Oct,10,2013,12,2013
281,2013-10-09,9,9,October,Oct,10,2013,12,2013
282,2013-10-10,10,10,October,Oct,10,2013,12,2013
283,2013-10-11,11,11,October,Oct,10,2013,12,2013
284,2013-10-12,12,12,October,Oct,10,2013,12,2013
285,2013-10-13,13,13,October,Oct,10,2013,12,2013
286,2013-10-14,14,14,October,Oct,10,2013,12,2013
287,2013-10-15,15,15,October,Oct,10,2013,12,2013
288,2013-10-16,16,16,October,Oct,10,2013,12,2013
289,2013-10-17,17,17,October,Oct,10,2013,12,2013
290,2013-10-18,18,18,October,Oct,10,2013,12,2013
291,2013-10-19,19,19,October,Oct,10,2013,12,2013
292,2013-10-20,20,20,October,Oct,10,2013,12,2013
293,2013-10-21,21,21,October,Oct,10,2013,12,2013
294,2013-10-22,22,22,October,Oct,10,2013,12,2013
295,2013-10-23,23,23,October,Oct,10,2013,12,2013
296,2013-10-24,24,24,October,Oct,10,2013,12,2013
297,2013-10-25,25,25,October,Oct,10,2013,12,2013
298,2013-10-26,26,26,October,Oct,10,2013,12,2013
299,2013-10-27,27,27,October,Oct,10,2013,12,2013
300,2013-10-28,28,28,October,Oct,10,2013,12,2013
301,2013-10-29,29,29,October,Oct,10,2013,12,2013
302,2013-10-30,30,30,October,Oct,10,2013,12,2013
303,2013-10-31,31,31,October,Oct,10,2013,12,2013
304,2013-11-01,1,1,November,Nov,11,2013,1,2014
305,2013-11-02,2,2,November,Nov,11,2013,1,2014
306,2013-11-03,3,3,November,Nov,11,2013,1,2014
307,2013-11-04,4,4,November,Nov,11,2013,1,2014
308,2013-11-05,5,5,November,Nov,11,2013,1,2014
309,2013-11-06,6,6,November,Nov,11,2013,1,2014
310,2013-11-07,7,7,November,Nov,11,2013,1,2014
311,2013-11-08,8,8,November,Nov,11,2013,1,2014
312,2013-11-09,9,9,November,Nov,11,2013,1,2014
313,2013-11-10,10,10,November,Nov,11,2013,1,2014
314,2013-11-11,11,11,November,Nov,11,2013,1,2014
315,2013-11-12,12,12,November,Nov,11,2013,1,2014
316,2013-11-13,13,13,November,Nov,11,2013,1,2014
317,2013-11-14,14,14,November,Nov,11,2013,1,2014
318,2013-11-15,15,15,November,Nov,11,2013,1,2014
319,2013-11-16,16,16,November,Nov,11,2013,1,2014
320,2013-11-17,17,17,November,Nov,11,2013,1,2014
321,2013-11-18,18,18,November,Nov,11,2013,1,2014
322,2013-11-19,19,19,November,Nov,11,2013,1,2014
323,2013-11-20,20,20,November,Nov,11,2013,1,2014
324,2013-11-21,21,21,November,Nov,11,2013,1,2014
325,2013-11-22,22,22,November,Nov,11,2013,1,2014
326,2013-11-23,23,23,November,Nov,11,2013,1,2014
327,2013-11-24,24,24,November,Nov,11,2013,1,2014
328,2013-11-25,25,25,November,Nov,11,2013,1,2014
329,2013-11-26,26,26,November,Nov,11,2013,1,2014
330,2013-11-27,27,27,November,Nov,11,2013,1,2014
331,2013-11-28,28,28,November,Nov,11,2013,1,2014
332,2013-11-29,29,29,November,Nov,11,2013,1,2014
333,2013-11-30,30,30,November,Nov,11,2013,1,2014
334,2013-12-01,1,1,December,Dec,12,2013,2,2014
335,2013-12-02,2,2,December,Dec,12,2013,2,2014
336,2013-12-03,3,3,December,Dec,12,2013,2,2014
337,2013-12-04,4,4,December,Dec,12,2013,2,2014
338,2013-12-05,5,5,December,Dec,12,2013,2,2014
339,2013-12-06,6,6,December,Dec,12,2013,2,2014
340,2013-12-07,7,7,December,Dec,12,2013,2,2014
341,2013-12-08,8,8,December,Dec,12,2013,2,2014
342,2013-12-09,9,9,December,Dec,12,2013,2,2014
343,2013-12-10,10,10,December,Dec,12,2013,2,2014
344,2013-12-11,11,11,December,Dec,12,2013,2,2014
345,2013-12-12,12,12,December,Dec,12,2013,2,2014
346,2013-12-13,13,13,December,Dec,12,2013,2,2014
347,2013-12-14,14,14,December,Dec,12,2013,2,2014
348,2013-12-15,15,15,December,Dec,12,2013,2,2014
349,2013-12-16,16,16,December,Dec,12,2013,2,2014
350,2013-12-17,17,17,December,Dec,12,2013,2,2014
351,2013-12-18,18,18,December,Dec,12,2013,2,2014
352,2013-12-19,19,19,December,Dec,12,2013,2,2014
353,2013-12-20,20,20,December,Dec,12,2013,2,2014
354,2013-12-21,21,21,December,Dec,12,2013,2,2014
355,2013-12-22,22,22,December,Dec,12,2013,2,2014
356,2013-12-23,23,23,December,Dec,12,2013,2,2014
357,2013-12-24,24,24,December,Dec,12,2013,2,2014
358,2013-12-25,25,25,December,Dec,12,2013,2,2014
359,2013-12-26,26,26,December,Dec,12,2013,2,2014
360,2013-12-27,27,27,December,Dec,12,2013,2,2014
361,2013-12-28,28,28,December,Dec,12,2013,2,2014
362,2013-12-29,29,29,December,Dec,12,2013,2,2014
363,2013-12-30,30,30,December,Dec,12,2013,2,2014
364,2013-12-31,31,31,December,Dec,12,2013,2,2014
365,2014-01-01,1,1,January,Jan,1,2014,3,2014
366,2014-01-02,2,2,January,Jan,1,2014,3,2014
367,2014-01-03,3,3,January,Jan,1,2014,3,2014
368,2014-01-04,4,4,January,Jan,1,2014,3,2014
369,2014-01-05,5,5,January,Jan,1,2014,3,2014
370,2014-01-06,6,6,January,Jan,1,2014,3,2014
371,2014-01-07,7,7,January,Jan,1,2014,3,2014
372,2014-01-08,8,8,January,Jan,1,2014,3,2014
373,2014-01-09,9,9,January,Jan,1,2014,3,2014
374,2014-01-10,10,10,January,Jan,1,2014,3,2014
375,2014-01-11,11,11,January,Jan,1,2014,3,2014
376,2014-01-12,12,12,January,Jan,1,2014,3,2014
377,2014-01-13,13,13,January,Jan,1,2014,3,2014
378,2014-01-14,14,14,January,Jan,1,2014,3,2014
379,2014-01-15,15,15,January,Jan,1,2014,3,2014
380,2014-01-16,16,16,January,Jan,1,2014,3,2014
381,2014-01-17,17,17,January,Jan,1,2014,3,2014
382,2014-01-18,18,18,January,Jan,1,2014,3,2014
383,2014-01-19,19,19,January,Jan,1,2014,3,2014
384,2014-01-20,20,20,January,Jan,1,2014,3,2014
385,2014-01-21,21,21,January,Jan,1,2014,3,2014
386,2014-01-22,22,22,January,Jan,1,2014,3,2014
387,2014-01-23,23,23,January,Jan,1,2014,3,2014
388,2014-01-24,24,24,January,Jan,1,2014,3,2014
389,2014-01-25,25,25,January,Jan,1,2014,3,2014
390,2014-01-26,26,26,January,Jan,1,2014,3,2014
391,2014-01-27,27,27,January,Jan,1,2014,3,2014
392,2014-01-28,28,28,January,Jan,1,2014,3,2014
393,2014-01-29,29,29,January,Jan,1,2014,3,2014
394,2014-01-30,30,30,January,Jan,1,2014,3,2014
395,2014-01-31,31,31,January,Jan,1,2014,3,2014
396,2014-02-01,1,1,February,Feb,2,2014,4,2014
397,2014-02-02,2,2,February,Feb,2,2014,4,2014
398,2014-02-03,3,3,February,Feb,2,2014,4,2014
399,2014-02-04,4,4,February,Feb,2,2014,4,2014
400,2014-02-05,5,5,February,Feb,2,2014,4,2014
401,2014-02-06,6,6,February,Feb,2,2014,4,2014
402,2014-02-07,7,7,February,Feb,2,2014,4,2014
403,2014-02-08,8,8,February,Feb,2,2014,4,2014
404,2014-02-09,9,9,February,Feb,2,2014,4,2014
405,2014-02-10,10,10,February,Feb,2,2014,4,2014
406,2014-02-11,11,11,February,Feb,2,2014,4,2014
407,2014-02-12,12,12,February,Feb,2,2014,4,2014
408,2014-02-13,13,13,February,Feb,2,2014,4,2014
409,2014-02-14,14,14,February,Feb,2,2014,4,2014
410,2014-02-15,15,15,February,Feb,2,2014,4,2014
411,2014-02-16,16,16,February,Feb,2,2014,4,2014
412,2014-02-17,17,17,February,Feb,2,2014,4,2014
413,2014-02-18,18,18,February,Feb,2,2014,4,2014
414,2014-02-19,19,19,February,Feb,2,2014,4,2014
415,2014-02-20,20,20,February,Feb,2,2014,4,2014
416,2014-02-21,21,21,February,Feb,2,2014,4,2014
417,2014-02-22,22,22,February,Feb,2,2014,4,2014
418,2014-02-23,23,23,February,Feb,2,2014,4,2014
419,2014-02-24,24,24,February,Feb,2,2014,4,2014
420,2014-02-25,25,25,February,Feb,2,2014,4,2014
421,2014-02-26,26,26,February,Feb,2,2014,4,2014
422,2014-02-27,27,27,February,Feb,2,2014,4,2014
423,2014-02-28,28,28,February,Feb,2,2014,4,2014
424,2014-03-01,1,1,March,Mar,3,2014,5,2014
425,2014-03-02,2,2,March,Mar,3,2014,5,2014
426,2014-03-03,3,3,March,Mar,3,2014,5,2014
427,2014-03-04,4,4,March,Mar,3,2014,5,2014
428,2014-03-05,5,5,March,Mar,3,2014,5,2014
429,2014-03-06,6,6,March,Mar,3,2014,5,2014
430,2014-03-07,7,7,March,Mar,3,2014,5,2014
431,2014-03-08,8,8,March,Mar,3,2014,5,2014
432,2014-03-09,9,9,March,Mar,3,2014,5,2014
433,2014-03-10,10,10,March,Mar,3,2014,5,2014
434,2014-03-11,11,11,March,Mar,3,2014,5,2014
435,2014-03-12,12,12,March,Mar,3,2014,5,2014
436,2014-03-13,13,13,March,Mar,3,2014,5,2014
437,2014-03-14,14,14,March,Mar,3,2014,5,2014
438,2014-03-15,15,15,March,Mar,3,2014,5,2014
439,2014-03-16,16,16,March,Mar,3,2014,5,2014
440,2014-03-17,17,17,March,Mar,3,2014,5,2014
441,2014-03-18,18,18,March,Mar,3,2014,5,2014
442,2014-03-19,19,19,March,Mar,3,2014,5,2014
443,2014-03-20,20,20,March,Mar,3,2014,5,2014
444,2014-03-21,21,21,March,Mar,3,2014,5,2014
445,2014-03-22,22,22,March,Mar,3,2014,5,2014
446,2014-03-23,23,23,March,Mar,3,2014,5,2014
447,2014-03-24,24,24,March,Mar,3,2014,5,2014
448,2014-03-25,25,25,March,Mar,3,2014,5,2014
449,2014-03-26,26,26,March,Mar,3,2014,5,2014
450,2014-03-27,27,27,March,Mar,3,2014,5,2014
451,2014-03-28,28,28,March,Mar,3,2014,5,2014
452,2014-03-29,29,29,March,Mar,3,2014,5,2014
453,2014-03-30,30,30,March,Mar,3,2014,5,2014
454,2014-03-31,31,31,March,Mar,3,2014,5,2014
455,2014-04-01,1,1,April,Apr,4,2014,6,2014
456,2014-04-02,2,2,April,Apr,4,2014,6,2014
457,2014-04-03,3,3,April,Apr,4,2014,6,2014
458,2014-04-04,4,4,April,Apr,4,2014,6,2014
459,2014-04-05,5,5,April,Apr,4,2014,6,2014
460,2014-04-06,6,6,April,Apr,4,2014,6,2014
461,2014-04-07,7,7,April,Apr,4,2014,6,2014
462,2014-04-08,8,8,April,Apr,4,2014,6,2014
463,2014-04-09,9,9,April,Apr,4,2014,6,2014
464,2014-04-10,10,10,April,Apr,4,2014,6,2014
465,2014-04-11,11,11,April,Apr,4,2014,6,2014
466,2014-04-12,12,12,April,Apr,4,2014,6,2014
467,2014-04-13,13,13,April,Apr,4,2014,6,2014
468,2014-04-14,14,14,April,Apr,4,2014,6,2014
469,2014-04-15,15,15,April,Apr,4,2014,6,2014
470,2014-04-16,16,16,April,Apr,4,2014,6,2014
471,2014-04-17,17,17,April,Apr,4,2014,6,2014
472,2014-04-18,18,18,April,Apr,4,2014,6,2014
473,2014-04-19,19,19,April,Apr,4,2014,6,2014
474,2014-04-20,20,20,April,Apr,4,2014,6,2014
475,2014-04-21,21,21,April,Apr,4,2014,6,2014
476,2014-04-22,22,22,April,Apr,4,2014,6,2014
477,2014-04-23,23,23,April,Apr,4,2014,6,2014
478,2014-04-24,24,24,April,Apr,4,2014,6,2014
479,2014-04-25,25,25,April,Apr,4,2014,6,2014
480,2014-04-26,26,26,April,Apr,4,2014,6,2014
481,2014-04-27,27,27,April,Apr,4,2014,6,2014
482,2014-04-28,28,28,April,Apr,4,2014,6,2014
483,2014-04-29,29,29,April,Apr,4,2014,6,2014
484,2014-04-30,30,30,April,Apr,4,2014,6,2014
485,2014-05-01,1,1,May,May,5,2014,7,2014
486,2014-05-02,2,2,May,May,5,2014,7,2014
487,2014-05-03,3,3,May,May,5,2014,7,2014
488,2014-05-04,4,4,May,May,5,2014,7,2014
489,2014-05-05,5,5,May,May,5,2014,7,2014
490,2014-05-06,6,6,May,May,5,2014,7,2014
491,2014-05-07,7,7,May,May,5,2014,7,2014
492,2014-05-08,8,8,May,May,5,2014,7,2014
493,2014-05-09,9,9,May,May,5,2014,7,2014
494,2014-05-10,10,10,May,May,5,2014,7,2014
495,2014-05-11,11,11,May,May,5,2014,7,2014
496,2014-05-12,12,12,May,May,5,2014,7,2014
497,2014-05-13,13,13,May,May,5,2014,7,2014
498,2014-05-14,14,14,May,May,5,2014,7,2014
499,2014-05-15,15,15,May,May,5,2014,7,2014
500,2014-05-16,16,16,May,May,5,2014,7,2014
501,2014-05-17,17,17,May,May,5,2014,7,2014
502,2014-05-18,18,18,May,May,5,2014,7,2014
503,2014-05-19,19,19,May,May,5,2014,7,2014
504,2014-05-20,20,20,May,May,5,2014,7,2014
505,2014-05-21,21,21,May,May,5,2014,7,2014
506,2014-05-22,22,22,May,May,5,2014,7,2014
507,2014-05-23,23,23,May,May,5,2014,7,2014
508,2014-05-24,24,24,May,May,5,2014,7,2014
509,2014-05-25,25,25,May,May,5,2014,7,2014
510,2014-05-26,26,26,May,May,5,2014,7,2014
511,2014-05-27,27,27,May,May,5,2014,7,2014
512,2014-05-28,28,28,May,May,5,2014,7,2014
513,2014-05-29,29,29,May,May,5,2014,7,2014
514,2014-05-30,30,30,May,May,5,2014,7,2014
515,2014-05-31,31,31,May,May,5,2014,7,2014
516,2014-06-01,1,1,June,Jun,6,2014,8,2014
517,2014-06-02,2,2,June,Jun,6,2014,8,2014
518,2014-06-03,3,3,June,Jun,6,2014,8,2014
519,2014-06-04,4,4,June,Jun,6,2014,8,2014
520,2014-06-05,5,5,June,Jun,6,2014,8,2014
521,2014-06-06,6,6,June,Jun,6,2014,8,2014
522,2014-06-07,7,7,June,Jun,6,2014,8,2014
523,2014-06-08,8,8,June,Jun,6,2014,8,2014
524,2014-06-09,9,9,June,Jun,6,2014,8,2014
525,2014-06-10,10,10,June,Jun,6,2014,8,2014
526,2014-06-11,11,11,June,Jun,6,2014,8,2014
527,2014-06-12,12,12,June,Jun,6,2014,8,2014
528,2014-06-13,13,13,June,Jun,6,2014,8,2014
529,2014-06-14,14,14,June,Jun,6,2014,8,2014
530,2014-06-15,15,15,June,Jun,6,2014,8,2014
531,2014-06-16,16,16,June,Jun,6,2014,8,2014
532,2014-06-17,17,17,June,Jun,6,2014,8,2014
533,2014-06-18,18,18,June,Jun,6,2014,8,2014
534,2014-06-19,19,19,June,Jun,6,2014,8,2014
535,2014-06-20,20,20,June,Jun,6,2014,8,2014
536,2014-06-21,21,21,June,Jun,6,2014,8,2014
537,2014-06-22,22,22,June,Jun,6,2014,8,2014
538,2014-06-23,23,23,June,Jun,6,2014,8,2014
539,2014-06-24,24,24,June,Jun,6,2014,8,2014
540,2014-06-25,25,25,June,Jun,6,2014,8,2014
541,2014-06-26,26,26,June,Jun,6,2014,8,2014
542,2014-06-27,27,27,June,Jun,6,2014,8,2014
543,2014-06-28,28,28,June,Jun,6,2014,8,2014
544,2014-06-29,29,29,June,Jun,6,2014,8,2014
545,2014-06-30,30,30,June,Jun,6,2014,8,2014
546,2014-07-01,1,1,July,Jul,7,2014,9,2014
547,2014-07-02,2,2,July,Jul,7,2014,9,2014
548,2014-07-03,3,3,July,Jul,7,2014,9,2014
549,2014-07-04,4,4,July,Jul,7,2014,9,2014
550,2014-07-05,5,5,July,Jul,7,2014,9,2014
551,2014-07-06,6,6,July,Jul,7,2014,9,2014
552,2014-07-07,7,7,July,Jul,7,2014,9,2014
553,2014-07-08,8,8,July,Jul,7,2014,9,2014
554,2014-07-09,9,9,July,Jul,7,2014,9,2014
555,2014-07-10,10,10,July,Jul,7,2014,9,2014
556,2014-07-11,11,11,July,Jul,7,2014,9,2014
557,2014-07-12,12,12,July,Jul,7,2014,9,2014
558,2014-07-13,13,13,July,Jul,7,2014,9,2014
559,2014-07-14,14,14,July,Jul,7,2014,9,2014
560,2014-07-15,15,15,July,Jul,7,2014,9,2014
561,2014-07-16,16,16,July,Jul,7,2014,9,2014
562,2014-07-17,17,17,July,Jul,7,2014,9,2014
563,2014-07-18,18,18,July,Jul,7,2014,9,2014
564,2014-07-19,19,19,July,Jul,7,2014,9,2014
565,2014-07-20,20,20,July,Jul,7,2014,9,2014
566,2014-07-21,21,21,July,Jul,7,2014,9,2014
567,2014-07-22,22,22,July,Jul,7,2014,9,2014
568,2014-07-23,23,23,July,Jul,7,2014,9,2014
569,2014-07-24,24,24,July,Jul,7,2014,9,2014
570,2014-07-25,25,25,July,Jul,7,2014,9,2014
571,2014-07-26,26,26,July,Jul,7,2014,9,2014
572,2014-07-27,27,27,July,Jul,7,2014,9,2014
573,2014-07-28,28,28,July,Jul,7,2014,9,2014
574,2014-07-29,29,29,July,Jul,7,2014,9,2014
575,2014-07-30,30,30,July,Jul,7,2014,9,2014
576,2014-07-31,31,31,July,Jul,7,2014,9,2014
577,2014-08-01,1,1,August,Aug,8,2014,10,2014
578,2014-08-02,2,2,August,Aug,8,2014,10,2014
579,2014-08-03,3,3,August,Aug,8,2014,10,2014
580,2014-08-04,4,4,August,Aug,8,2014,10,2014
581,2014-08-05,5,5,August,Aug,8,2014,10,2014
582,2014-08-06,6,6,August,Aug,8,2014,10,2014
583,2014-08-07,7,7,August,Aug,8,2014,10,2014
584,2014-08-08,8,8,August,Aug,8,2014,10,2014
585,2014-08-09,9,9,August,Aug,8,2014,10,2014
586,2014-08-10,10,10,August,Aug,8,2014,10,2014
587,2014-08-11,11,11,August,Aug,8,2014,10,2014
588,2014-08-12,12,12,August,Aug,8,2014,10,2014
589,2014-08-13,13,13,August,Aug,8,2014,10,2014
590,2014-08-14,14,14,August,Aug,8,2014,10,2014
591,2014-08-15,15,15,August,Aug,8,2014,10,2014
592,2014-08-16,16,16,August,Aug,8,2014,10,2014
593,2014-08-17,17,17,August,Aug,8,2014,10,2014
594,2014-08-18,18,18,August,Aug,8,2014,10,2014
595,2014-08-19,19,19,August,Aug,8,2014,10,2014
596,2014-08-20,20,20,August,Aug,8,2014,10,2014
597,2014-08-21,21,21,August,Aug,8,2014,10,2014
598,2014-08-22,22,22,August,Aug,8,2014,10,2014
599,2014-08-23,23,23,August,Aug,8,2014,10,2014
600,2014-08-24,24,24,August,Aug,8,2014,10,2014
601,2014-08-25,25,25,August,Aug,8,2014,10,2014
602,2014-08-26,26,26,August,Aug,8,2014,10,2014
603,2014-08-27,27,27,August,Aug,8,2014,10,2014
604,2014-08-28,28,28,August,Aug,8,2014,10,2014
605,2014-08-29,29,29,August,Aug,8,2014,10,2014
606,2014-08-30,30,30,August,Aug,8,2014,10,2014
607,2014-08-31,31,31,August,Aug,8,2014,10,2014
608,2014-09-01,1,1,September,Sep,9,2014,11,2014
609,2014-09-02,2,2,September,Sep,9,2014,11,2014
610,2014-09-03,3,3,September,Sep,9,2014,11,2014
611,2014-09-04,4,4,September,Sep,9,2014,11,2014
612,2014-09-05,5,5,September,Sep,9,2014,11,2014
613,2014-09-06,6,6,September,Sep,9,2014,11,2014
614,2014-09-07,7,7,September,Sep,9,2014,11,2014
615,2014-09-08,8,8,September,Sep,9,2014,11,2014
616,2014-09-09,9,9,September,Sep,9,2014,11,2014
617,2014-09-10,10,10,September,Sep,9,2014,11,2014
618,2014-09-11,11,11,September,Sep,9,2014,11,2014
619,2014-09-12,12,12,September,Sep,9,2014,11,2014
620,2014-09-13,13,13,September,Sep,9,2014,11,2014
621,2014-09-14,14,14,September,Sep,9,2014,11,2014
622,2014-09-15,15,15,September,Sep,9,2014,11,2014
623,2014-09-16,16,16,September,Sep,9,2014,11,2014
624,2014-09-17,17,17,September,Sep,9,2014,11,2014
625,2014-09-18,18,18,September,Sep,9,2014,11,2014
626,2014-09-19,19,19,September,Sep,9,2014,11,2014
627,2014-09-20,20,20,September,Sep,9,2014,11,2014
628,2014-09-21,21,21,September,Sep,9,2014,11,2014
629,2014-09-22,22,22,September,Sep,9,2014,11,2014
630,2014-09-23,23,23,September,Sep,9,2014,11,2014
631,2014-09-24,24,24,September,Sep,9,2014,11,2014
632,2014-09-25,25,25,September,Sep,9,2014,11,2014
633,2014-09-26,26,26,September,Sep,9,2014,11,2014
634,2014-09-27,27,27,September,Sep,9,2014,11,2014
635,2014-09-28,28,28,September,Sep,9,2014,11,2014
636,2014-09-29,29,29,September,Sep,9,2014,11,2014
637,2014-09-30,30,30,September,Sep,9,2014,11,2014
638,2014-10-01,1,1,October,Oct,10,2014,12,2014
639,2014-10-02,2,2,October,Oct,10,2014,12,2014
640,2014-10-03,3,3,October,Oct,10,2014,12,2014
641,2014-10-04,4,4,October,Oct,10,2014,12,2014
642,2014-10-05,5,5,October,Oct,10,2014,12,2014
643,2014-10-06,6,6,October,Oct,10,2014,12,2014
644,2014-10-07,7,7,October,Oct,10,2014,12,2014
645,2014-10-08,8,8,October,Oct,10,2014,12,2014
646,2014-10-09,9,9,October,Oct,10,2014,12,2014
647,2014-10-10,10,10,October,Oct,10,2014,12,2014
648,2014-10-11,11,11,October,Oct,10,2014,12,2014
649,2014-10-12,12,12,October,Oct,10,2014,12,2014
650,2014-10-13,13,13,October,Oct,10,2014,12,2014
651,2014-10-14,14,14,October,Oct,10,2014,12,2014
652,2014-10-15,15,15,October,Oct,10,2014,12,2014
653,2014-10-16,16,16,October,Oct,10,2014,12,2014
654,2014-10-17,17,17,October,Oct,10,2014,12,2014
655,2014-10-18,18,18,October,Oct,10,2014,12,2014
656,2014-10-19,19,19,October,Oct,10,2014,12,2014
657,2014-10-20,20,20,October,Oct,10,2014,12,2014
658,2014-10-21,21,21,October,Oct,10,2014,12,2014
659,2014-10-22,22,22,October,Oct,10,2014,12,2014
660,2014-10-23,23,23,October,Oct,10,2014,12,2014
661,2014-10-24,24,24,October,Oct,10,2014,12,2014
662,2014-10-25,25,25,October,Oct,10,2014,12,2014
663,2014-10-26,26,26,October,Oct,10,2014,12,2014
664,2014-10-27,27,27,October,Oct,10,2014,12,2014
665,2014-10-28,28,28,October,Oct,10,2014,12,2014
666,2014-10-29,29,29,October,Oct,10,2014,12,2014
667,2014-10-30,30,30,October,Oct,10,2014,12,2014
668,2014-10-31,31,31,October,Oct,10,2014,12,2014
669,2014-11-01,1,1,November,Nov,11,2014,1,2015
670,2014-11-02,2,2,November,Nov,11,2014,1,2015
671,2014-11-03,3,3,November,Nov,11,2014,1,2015
672,2014-11-04,4,4,November,Nov,11,2014,1,2015
673,2014-11-05,5,5,November,Nov,11,2014,1,2015
674,2014-11-06,6,6,November,Nov,11,2014,1,2015
675,2014-11-07,7,7,November,Nov,11,2014,1,2015
676,2014-11-08,8,8,November,Nov,11,2014,1,2015
677,2014-11-09,9,9,November,Nov,11,2014,1,2015
678,2014-11-10,10,10,November,Nov,11,2014,1,2015
679,2014-11-11,11,11,November,Nov,11,2014,1,2015
680,2014-11-12,12,12,November,Nov,11,2014,1,2015
681,2014-11-13,13,13,November,Nov,11,2014,1,2015
682,2014-11-14,14,14,November,Nov,11,2014,1,2015
683,2014-11-15,15,15,November,Nov,11,2014,1,2015
684,2014-11-16,16,16,November,Nov,11,2014,1,2015
685,2014-11-17,17,17,November,Nov,11,2014,1,2015
686,2014-11-18,18,18,November,Nov,11,2014,1,2015
687,2014-11-19,19,19,November,Nov,11,2014,1,2015
688,2014-11-20,20,20,November,Nov,11,2014,1,2015
689,2014-11-21,21,21,November,Nov,11,2014,1,2015
690,2014-11-22,22,22,November,Nov,11,2014,1,2015
691,2014-11-23,23,23,November,Nov,11,2014,1,2015
692,2014-11-24,24,24,November,Nov,11,2014,1,2015
693,2014-11-25,25,25,November,Nov,11,2014,1,2015
694,2014-11-26,26,26,November,Nov,11,2014,1,2015
695,2014-11-27,27,27,November,Nov,11,2014,1,2015
696,2014-11-28,28,28,November,Nov,11,2014,1,2015
697,2014-11-29,29,29,November,Nov,11,2014,1,2015
698,2014-11-30,30,30,November,Nov,11,2014,1,2015
699,2014-12-01,1,1,December,Dec,12,2014,2,2015
700,2014-12-02,2,2,December,Dec,12,2014,2,2015
701,2014-12-03,3,3,December,Dec,12,2014,2,2015
702,2014-12-04,4,4,December,Dec,12,2014,2,2015
703,2014-12-05,5,5,December,Dec,12,2014,2,2015
704,2014-12-06,6,6,December,Dec,12,2014,2,2015
705,2014-12-07,7,7,December,Dec,12,2014,2,2015
706,2014-12-08,8,8,December,Dec,12,2014,2,2015
707,2014-12-09,9,9,December,Dec,12,2014,2,2015
708,2014-12-10,10,10,December,Dec,12,2014,2,2015
709,2014-12-11,11,11,December,Dec,12,2014,2,2015
710,2014-12-12,12,12,December,Dec,12,2014,2,2015
711,2014-12-13,13,13,December,Dec,12,2014,2,2015
712,2014-12-14,14,14,December,Dec,12,2014,2,2015
713,2014-12-15,15,15,December,Dec,12,2014,2,2015
714,2014-12-16,16,16,December,Dec,12,2014,2,2015
715,2014-12-17,17,17,December,Dec,12,2014,2,2015
716,2014-12-18,18,18,December,Dec,12,2014,2,2015
717,2014-12-19,19,19,December,Dec,12,2014,2,2015
718,2014-12-20,20,20,December,Dec,12,2014,2,2015
719,2014-12-21,21,21,December,Dec,12,2014,2,2015
720,2014-12-22,22,22,December,Dec,12,2014,2,2015
721,2014-12-23,23,23,December,Dec,12,2014,2,2015
722,2014-12-24,24,24,December,Dec,12,2014,2,2015
723,2014-12-25,25,25,December,Dec,12,2014,2,2015
724,2014-12-26,26,26,December,Dec,12,2014,2,2015
725,2014-12-27,27,27,December,Dec,12,2014,2,2015
726,2014-12-28,28,28,December,Dec,12,2014,2,2015
727,2014-12-29,29,29,December,Dec,12,2014,2,2015
728,2014-12-30,30,30,December,Dec,12,2014,2,2015
729,2014-12-31,31,31,December,Dec,12,2014,2,2015
730,2015-01-01,1,1,January,Jan,1,2015,3,2015
731,2015-01-02,2,2,January,Jan,1,2015,3,2015
732,2015-01-03,3,3,January,Jan,1,2015,3,2015
733,2015-01-04,4,4,January,Jan,1,2015,3,2015
734,2015-01-05,5,5,January,Jan,1,2015,3,2015
735,2015-01-06,6,6,January,Jan,1,2015,3,2015
736,2015-01-07,7,7,January,Jan,1,2015,3,2015
737,2015-01-08,8,8,January,Jan,1,2015,3,2015
738,2015-01-09,9,9,January,Jan,1,2015,3,2015
739,2015-01-10,10,10,January,Jan,1,2015,3,2015
740,2015-01-11,11,11,January,Jan,1,2015,3,2015
741,2015-01-12,12,12,January,Jan,1,2015,3,2015
742,2015-01-13,13,13,January,Jan,1,2015,3,2015
743,2015-01-14,14,14,January,Jan,1,2015,3,2015
744,2015-01-15,15,15,January,Jan,1,2015,3,2015
745,2015-01-16,16,16,January,Jan,1,2015,3,2015
746,2015-01-17,17,17,January,Jan,1,2015,3,2015
747,2015-01-18,18,18,January,Jan,1,2015,3,2015
748,2015-01-19,19,19,January,Jan,1,2015,3,2015
749,2015-01-20,20,20,January,Jan,1,2015,3,2015
750,2015-01-21,21,21,January,Jan,1,2015,3,2015
751,2015-01-22,22,22,January,Jan,1,2015,3,2015
752,2015-01-23,23,23,January,Jan,1,2015,3,2015
753,2015-01-24,24,24,January,Jan,1,2015,3,2015
754,2015-01-25,25,25,January,Jan,1,2015,3,2015
755,2015-01-26,26,26,January,Jan,1,2015,3,2015
756,2015-01-27,27,27,January,Jan,1,2015,3,2015
757,2015-01-28,28,28,January,Jan,1,2015,3,2015
758,2015-01-29,29,29,January,Jan,1,2015,3,2015
759,2015-01-30,30,30,January,Jan,1,2015,3,2015
760,2015-01-31,31,31,January,Jan,1,2015,3,2015
761,2015-02-01,1,1,February,Feb,2,2015,4,2015
762,2015-02-02,2,2,February,Feb,2,2015,4,2015
763,2015-02-03,3,3,February,Feb,2,2015,4,2015
764,2015-02-04,4,4,February,Feb,2,2015,4,2015
765,2015-02-05,5,5,February,Feb,2,2015,4,2015
766,2015-02-06,6,6,February,Feb,2,2015,4,2015
767,2015-02-07,7,7,February,Feb,2,2015,4,2015
768,2015-02-08,8,8,February,Feb,2,2015,4,2015
769,2015-02-09,9,9,February,Feb,2,2015,4,2015
770,2015-02-10,10,10,February,Feb,2,2015,4,2015
771,2015-02-11,11,11,February,Feb,2,2015,4,2015
772,2015-02-12,12,12,February,Feb,2,2015,4,2015
773,2015-02-13,13,13,February,Feb,2,2015,4,2015
774,2015-02-14,14,14,February,Feb,2,2015,4,2015
775,2015-02-15,15,15,February,Feb,2,2015,4,2015
776,2015-02-16,16,16,February,Feb,2,2015,4,2015
777,2015-02-17,17,17,February,Feb,2,2015,4,2015
778,2015-02-18,18,18,February,Feb,2,2015,4,2015
779,2015-02-19,19,19,February,Feb,2,2015,4,2015
780,2015-02-20,20,20,February,Feb,2,2015,4,2015
781,2015-02-21,21,21,February,Feb,2,2015,4,2015
782,2015-02-22,22,22,February,Feb,2,2015,4,2015
783,2015-02-23,23,23,February,Feb,2,2015,4,2015
784,2015-02-24,24,24,February,Feb,2,2015,4,2015
785,2015-02-25,25,25,February,Feb,2,2015,4,2015
786,2015-02-26,26,26,February,Feb,2,2015,4,2015
787,2015-02-27,27,27,February,Feb,2,2015,4,2015
788,2015-02-28,28,28,February,Feb,2,2015,4,2015
789,2015-03-01,1,1,March,Mar,3,2015,5,2015
790,2015-03-02,2,2,March,Mar,3,2015,5,2015
791,2015-03-03,3,3,March,Mar,3,2015,5,2015
792,2015-03-04,4,4,March,Mar,3,2015,5,2015
793,2015-03-05,5,5,March,Mar,3,2015,5,2015
794,2015-03-06,6,6,March,Mar,3,2015,5,2015
795,2015-03-07,7,7,March,Mar,3,2015,5,2015
796,2015-03-08,8,8,March,Mar,3,2015,5,2015
797,2015-03-09,9,9,March,Mar,3,2015,5,2015
798,2015-03-10,10,10,March,Mar,3,2015,5,2015
799,2015-03-11,11,11,March,Mar,3,2015,5,2015
800,2015-03-12,12,12,March,Mar,3,2015,5,2015
801,2015-03-13,13,13,March,Mar,3,2015,5,2015
802,2015-03-14,14,14,March,Mar,3,2015,5,2015
803,2015-03-15,15,15,March,Mar,3,2015,5,2015
804,2015-03-16,16,16,March,Mar,3,2015,5,2015
805,2015-03-17,17,17,March,Mar,3,2015,5,2015
806,2015-03-18,18,18,March,Mar,3,2015,5,2015
807,2015-03-19,19,19,March,Mar,3,2015,5,2015
808,2015-03-20,20,20,March,Mar,3,2015,5,2015
809,2015-03-21,21,21,March,Mar,3,2015,5,2015
810,2015-03-22,22,22,March,Mar,3,2015,5,2015
811,2015-03-23,23,23,March,Mar,3,2015,5,2015
812,2015-03-24,24,24,March,Mar,3,2015,5,2015
813,2015-03-25,25,25,March,Mar,3,2015,5,2015
814,2015-03-26,26,26,March,Mar,3,2015,5,2015
815,2015-03-27,27,27,March,Mar,3,2015,5,2015
816,2015-03-28,28,28,March,Mar,3,2015,5,2015
817,2015-03-29,29,29,March,Mar,3,2015,5,2015
818,2015-03-30,30,30,March,Mar,3,2015,5,2015
819,2015-03-31,31,31,March,Mar,3,2015,5,2015
820,2015-04-01,1,1,April,Apr,4,2015,6,2015
821,2015-04-02,2,2,April,Apr,4,2015,6,2015
822,2015-04-03,3,3,April,Apr,4,2015,6,2015
823,2015-04-04,4,4,April,Apr,4,2015,6,2015
824,2015-04-05,5,5,April,Apr,4,2015,6,2015
825,2015-04-06,6,6,April,Apr,4,2015,6,2015
826,2015-04-07,7,7,April,Apr,4,2015,6,2015
827,2015-04-08,8,8,April,Apr,4,2015,6,2015
828,2015-04-09,9,9,April,Apr,4,2015,6,2015
829,2015-04-10,10,10,April,Apr,4,2015,6,2015
830,2015-04-11,11,11,April,Apr,4,2015,6,2015
831,2015-04-12,12,12,April,Apr,4,2015,6,2015
832,2015-04-13,13,13,April,Apr,4,2015,6,2015
833,2015-04-14,14,14,April,Apr,4,2015,6,2015
834,2015-04-15,15,15,April,Apr,4,2015,6,2015
835,2015-04-16,16,16,April,Apr,4,2015,6,2015
836,2015-04-17,17,17,April,Apr,4,2015,6,2015
837,2015-04-18,18,18,April,Apr,4,2015,6,2015
838,2015-04-19,19,19,April,Apr,4,2015,6,2015
839,2015-04-20,20,20,April,Apr,4,2015,6,2015
840,2015-04-21,21,21,April,Apr,4,2015,6,2015
841,2015-04-22,22,22,April,Apr,4,2015,6,2015
842,2015-04-23,23,23,April,Apr,4,2015,6,2015
843,2015-04-24,24,24,April,Apr,4,2015,6,2015
844,2015-04-25,25,25,April,Apr,4,2015,6,2015
845,2015-04-26,26,26,April,Apr,4,2015,6,2015
846,2015-04-27,27,27,April,Apr,4,2015,6,2015
847,2015-04-28,28,28,April,Apr,4,2015,6,2015
848,2015-04-29,29,29,April,Apr,4,2015,6,2015
849,2015-04-30,30,30,April,Apr,4,2015,6,2015
850,2015-05-01,1,1,May,May,5,2015,7,2015
851,2015-05-02,2,2,May,May,5,2015,7,2015
852,2015-05-03,3,3,May,May,5,2015,7,2015
853,2015-05-04,4,4,May,May,5,2015,7,2015
854,2015-05-05,5,5,May,May,5,2015,7,2015
855,2015-05-06,6,6,May,May,5,2015,7,2015
856,2015-05-07,7,7,May,May,5,2015,7,2015
857,2015-05-08,8,8,May,May,5,2015,7,2015
858,2015-05-09,9,9,May,May,5,2015,7,2015
859,2015-05-10,10,10,May,May,5,2015,7,2015
860,2015-05-11,11,11,May,May,5,2015,7,2015
861,2015-05-12,12,12,May,May,5,2015,7,2015
862,2015-05-13,13,13,May,May,5,2015,7,2015
863,2015-05-14,14,14,May,May,5,2015,7,2015
864,2015-05-15,15,15,May,May,5,2015,7,2015
865,2015-05-16,16,16,May,May,5,2015,7,2015
866,2015-05-17,17,17,May,May,5,2015,7,2015
867,2015-05-18,18,18,May,May,5,2015,7,2015
868,2015-05-19,19,19,May,May,5,2015,7,2015
869,2015-05-20,20,20,May,May,5,2015,7,2015
870,2015-05-21,21,21,May,May,5,2015,7,2015
871,2015-05-22,22,22,May,May,5,2015,7,2015
872,2015-05-23,23,23,May,May,5,2015,7,2015
873,2015-05-24,24,24,May,May,5,2015,7,2015
874,2015-05-25,25,25,May,May,5,2015,7,2015
875,2015-05-26,26,26,May,May,5,2015,7,2015
876,2015-05-27,27,27,May,May,5,2015,7,2015
877,2015-05-28,28,28,May,May,5,2015,7,2015
878,2015-05-29,29,29,May,May,5,2015,7,2015
879,2015-05-30,30,30,May,May,5,2015,7,2015
880,2015-05-31,31,31,May,May,5,2015,7,2015
881,2015-06-01,1,1,June,Jun,6,2015,8,2015
882,2015-06-02,2,2,June,Jun,6,2015,8,2015
883,2015-06-03,3,3,June,Jun,6,2015,8,2015
884,2015-06-04,4,4,June,Jun,6,2015,8,2015
885,2015-06-05,5,5,June,Jun,6,2015,8,2015
886,2015-06-06,6,6,June,Jun,6,2015,8,2015
887,2015-06-07,7,7,June,Jun,6,2015,8,2015
888,2015-06-08,8,8,June,Jun,6,2015,8,2015
889,2015-06-09,9,9,June,Jun,6,2015,8,2015
890,2015-06-10,10,10,June,Jun,6,2015,8,2015
891,2015-06-11,11,11,June,Jun,6,2015,8,2015
892,2015-06-12,12,12,June,Jun,6,2015,8,2015
893,2015-06-13,13,13,June,Jun,6,2015,8,2015
894,2015-06-14,14,14,June,Jun,6,2015,8,2015
895,2015-06-15,15,15,June,Jun,6,2015,8,2015
896,2015-06-16,16,16,June,Jun,6,2015,8,2015
897,2015-06-17,17,17,June,Jun,6,2015,8,2015
898,2015-06-18,18,18,June,Jun,6,2015,8,2015
899,2015-06-19,19,19,June,Jun,6,2015,8,2015
900,2015-06-20,20,20,June,Jun,6,2015,8,2015
901,2015-06-21,21,21,June,Jun,6,2015,8,2015
902,2015-06-22,22,22,June,Jun,6,2015,8,2015
903,2015-06-23,23,23,June,Jun,6,2015,8,2015
904,2015-06-24,24,24,June,Jun,6,2015,8,2015
905,2015-06-25,25,25,June,Jun,6,2015,8,2015
906,2015-06-26,26,26,June,Jun,6,2015,8,2015
907,2015-06-27,27,27,June,Jun,6,2015,8,2015
908,2015-06-28,28,28,June,Jun,6,2015,8,2015
909,2015-06-29,29,29,June,Jun,6,2015,8,2015
910,2015-06-30,30,30,June,Jun,6,2015,8,2015
911,2015-07-01,1,1,July,Jul,7,2015,9,2015
912,2015-07-02,2,2,July,Jul,7,2015,9,2015
913,2015-07-03,3,3,July,Jul,7,2015,9,2015
914,2015-07-04,4,4,July,Jul,7,2015,9,2015
915,2015-07-05,5,5,July,Jul,7,2015,9,2015
916,2015-07-06,6,6,July,Jul,7,2015,9,2015
917,2015-07-07,7,7,July,Jul,7,2015,9,2015
918,2015-07-08,8,8,July,Jul,7,2015,9,2015
919,2015-07-09,9,9,July,Jul,7,2015,9,2015
920,2015-07-10,10,10,July,Jul,7,2015,9,2015
921,2015-07-11,11,11,July,Jul,7,2015,9,2015
922,2015-07-12,12,12,July,Jul,7,2015,9,2015
923,2015-07-13,13,13,July,Jul,7,2015,9,2015
924,2015-07-14,14,14,July,Jul,7,2015,9,2015
925,2015-07-15,15,15,July,Jul,7,2015,9,2015
926,2015-07-16,16,16,July,Jul,7,2015,9,2015
927,2015-07-17,17,17,July,Jul,7,2015,9,2015
928,2015-07-18,18,18,July,Jul,7,2015,9,2015
929,2015-07-19,19,19,July,Jul,7,2015,9,2015
930,2015-07-20,20,20,July,Jul,7,2015,9,2015
931,2015-07-21,21,21,July,Jul,7,2015,9,2015
932,2015-07-22,22,22,July,Jul,7,2015,9,2015
933,2015-07-23,23,23,July,Jul,7,2015,9,2015
934,2015-07-24,24,24,July,Jul,7,2015,9,2015
935,2015-07-25,25,25,July,Jul,7,2015,9,2015
936,2015-07-26,26,26,July,Jul,7,2015,9,2015
937,2015-07-27,27,27,July,Jul,7,2015,9,2015
938,2015-07-28,28,28,July,Jul,7,2015,9,2015
939,2015-07-29,29,29,July,Jul,7,2015,9,2015
940,2015-07-30,30,30,July,Jul,7,2015,9,2015
941,2015-07-31,31,31,July,Jul,7,2015,9,2015
942,2015-08-01,1,1,August,Aug,8,2015,10,2015
943,2015-08-02,2,2,August,Aug,8,2015,10,2015
944,2015-08-03,3,3,August,Aug,8,2015,10,2015
945,2015-08-04,4,4,August,Aug,8,2015,10,2015
946,2015-08-05,5,5,August,Aug,8,2015,10,2015
947,2015-08-06,6,6,August,Aug,8,2015,10,2015
948,2015-08-07,7,7,August,Aug,8,2015,10,2015
949,2015-08-08,8,8,August,Aug,8,2015,10,2015
950,2015-08-09,9,9,August,Aug,8,2015,10,2015
951,2015-08-10,10,10,August,Aug,8,2015,10,2015
952,2015-08-11,11,11,August,Aug,8,2015,10,2015
953,2015-08-12,12,12,August,Aug,8,2015,10,2015
954,2015-08-13,13,13,August,Aug,8,2015,10,2015
955,2015-08-14,14,14,August,Aug,8,2015,10,2015
956,2015-08-15,15,15,August,Aug,8,2015,10,2015
957,2015-08-16,16,16,August,Aug,8,2015,10,2015
958,2015-08-17,17,17,August,Aug,8,2015,10,2015
959,2015-08-18,18,18,August,Aug,8,2015,10,2015
960,2015-08-19,19,19,August,Aug,8,2015,10,2015
961,2015-08-20,20,20,August,Aug,8,2015,10,2015
962,2015-08-21,21,21,August,Aug,8,2015,10,2015
963,2015-08-22,22,22,August,Aug,8,2015,10,2015
964,2015-08-23,23,23,August,Aug,8,2015,10,2015
965,2015-08-24,24,24,August,Aug,8,2015,10,2015
966,2015-08-25,25,25,August,Aug,8,2015,10,2015
967,2015-08-26,26,26,August,Aug,8,2015,10,2015
968,2015-08-27,27,27,August,Aug,8,2015,10,2015
969,2015-08-28,28,28,August,Aug,8,2015,10,2015
970,2015-08-29,29,29,August,Aug,8,2015,10,2015
971,2015-08-30,30,30,August,Aug,8,2015,10,2015
972,2015-08-31,31,31,August,Aug,8,2015,10,2015
973,2015-09-01,1,1,September,Sep,9,2015,11,2015
974,2015-09-02,2,2,September,Sep,9,2015,11,2015
975,2015-09-03,3,3,September,Sep,9,2015,11,2015
976,2015-09-04,4,4,September,Sep,9,2015,11,2015
977,2015-09-05,5,5,September,Sep,9,2015,11,2015
978,2015-09-06,6,6,September,Sep,9,2015,11,2015
979,2015-09-07,7,7,September,Sep,9,2015,11,2015
980,2015-09-08,8,8,September,Sep,9,2015,11,2015
981,2015-09-09,9,9,September,Sep,9,2015,11,2015
982,2015-09-10,10,10,September,Sep,9,2015,11,2015
983,2015-09-11,11,11,September,Sep,9,2015,11,2015
984,2015-09-12,12,12,September,Sep,9,2015,11,2015
985,2015-09-13,13,13,September,Sep,9,2015,11,2015
986,2015-09-14,14,14,September,Sep,9,2015,11,2015
987,2015-09-15,15,15,September,Sep,9,2015,11,2015
988,2015-09-16,16,16,September,Sep,9,2015,11,2015
989,2015-09-17,17,17,September,Sep,9,2015,11,2015
990,2015-09-18,18,18,September,Sep,9,2015,11,2015
991,2015-09-19,19,19,September,Sep,9,2015,11,2015
992,2015-09-20,20,20,September,Sep,9,2015,11,2015
993,2015-09-21,21,21,September,Sep,9,2015,11,2015
994,2015-09-22,22,22,September,Sep,9,2015,11,2015
995,2015-09-23,23,23,September,Sep,9,2015,11,2015
996,2015-09-24,24,24,September,Sep,9,2015,11,2015
997,2015-09-25,25,25,September,Sep,9,2015,11,2015
998,2015-09-26,26,26,September,Sep,9,2015,11,2015
999,2015-09-27,27,27,September,Sep,9,2015,11,2015
1000,2015-09-28,28,28,September,Sep,9,2015,11,2015
1001,2015-09-29,29,29,September,Sep,9,2015,11,2015
1002,2015-09-30,30,30,September,Sep,9,2015,11,2015
1003,2015-10-01,1,1,October,Oct,10,2015,12,2015
1004,2015-10-02,2,2,October,Oct,10,2015,12,2015
1005,2015-10-03,3,3,October,Oct,10,2015,12,2015
1006,2015-10-04,4,4,October,Oct,10,2015,12,2015
1007,2015-10-05,5,5,October,Oct,10,2015,12,2015
1008,2015-10-06,6,6,October,Oct,10,2015,12,2015
1009,2015-10-07,7,7,October,Oct,10,2015,12,2015
1010,2015-10-08,8,8,October,Oct,10,2015,12,2015
1011,2015-10-09,9,9,October,Oct,10,2015,12,2015
1012,2015-10-10,10,10,October,Oct,10,2015,12,2015
1013,2015-10-11,11,11,October,Oct,10,2015,12,2015
1014,2015-10-12,12,12,October,Oct,10,2015,12,2015
1015,2015-10-13,13,13,October,Oct,10,2015,12,2015
1016,2015-10-14,14,14,October,Oct,10,2015,12,2015
1017,2015-10-15,15,15,October,Oct,10,2015,12,2015
1018,2015-10-16,16,16,October,Oct,10,2015,12,2015
1019,2015-10-17,17,17,October,Oct,10,2015,12,2015
1020,2015-10-18,18,18,October,Oct,10,2015,12,2015
1021,2015-10-19,19,19,October,Oct,10,2015,12,2015
1022,2015-10-20,20,20,October,Oct,10,2015,12,2015
1023,2015-10-21,21,21,October,Oct,10,2015,12,2015
1024,2015-10-22,22,22,October,Oct,10,2015,12,2015
1025,2015-10-23,23,23,October,Oct,10,2015,12,2015
1026,2015-10-24,24,24,October,Oct,10,2015,12,2015
1027,2015-10-25,25,25,October,Oct,10,2015,12,2015
1028,2015-10-26,26,26,October,Oct,10,2015,12,2015
1029,2015-10-27,27,27,October,Oct,10,2015,12,2015
1030,2015-10-28,28,28,October,Oct,10,2015,12,2015
1031,2015-10-29,29,29,October,Oct,10,2015,12,2015
1032,2015-10-30,30,30,October,Oct,10,2015,12,2015
1033,2015-10-31,31,31,October,Oct,10,2015,12,2015
1034,2015-11-01,1,1,November,Nov,11,2015,1,2016
1035,2015-11-02,2,2,November,Nov,11,2015,1,2016
1036,2015-11-03,3,3,November,Nov,11,2015,1,2016
1037,2015-11-04,4,4,November,Nov,11,2015,1,2016
1038,2015-11-05,5,5,November,Nov,11,2015,1,2016
1039,2015-11-06,6,6,November,Nov,11,2015,1,2016
1040,2015-11-07,7,7,November,Nov,11,2015,1,2016
1041,2015-11-08,8,8,November,Nov,11,2015,1,2016
1042,2015-11-09,9,9,November,Nov,11,2015,1,2016
1043,2015-11-10,10,10,November,Nov,11,2015,1,2016
1044,2015-11-11,11,11,November,Nov,11,2015,1,2016
1045,2015-11-12,12,12,November,Nov,11,2015,1,2016
1046,2015-11-13,13,13,November,Nov,11,2015,1,2016
1047,2015-11-14,14,14,November,Nov,11,2015,1,2016
1048,2015-11-15,15,15,November,Nov,11,2015,1,2016
1049,2015-11-16,16,16,November,Nov,11,2015,1,2016
1050,2015-11-17,17,17,November,Nov,11,2015,1,2016
1051,2015-11-18,18,18,November,Nov,11,2015,1,2016
1052,2015-11-19,19,19,November,Nov,11,2015,1,2016
1053,2015-11-20,20,20,November,Nov,11,2015,1,2016
1054,2015-11-21,21,21,November,Nov,11,2015,1,2016
1055,2015-11-22,22,22,November,Nov,11,2015,1,2016
1056,2015-11-23,23,23,November,Nov,11,2015,1,2016
1057,2015-11-24,24,24,November,Nov,11,2015,1,2016
1058,2015-11-25,25,25,November,Nov,11,2015,1,2016
1059,2015-11-26,26,26,November,Nov,11,2015,1,2016
1060,2015-11-27,27,27,November,Nov,11,2015,1,2016
1061,2015-11-28,28,28,November,Nov,11,2015,1,2016
1062,2015-11-29,29,29,November,Nov,11,2015,1,2016
1063,2015-11-30,30,30,November,Nov,11,2015,1,2016
1064,2015-12-01,1,1,December,Dec,12,2015,2,2016
1065,2015-12-02,2,2,December,Dec,12,2015,2,2016
1066,2015-12-03,3,3,December,Dec,12,2015,2,2016
1067,2015-12-04,4,4,December,Dec,12,2015,2,2016
1068,2015-12-05,5,5,December,Dec,12,2015,2,2016
1069,2015-12-06,6,6,December,Dec,12,2015,2,2016
1070,2015-12-07,7,7,December,Dec,12,2015,2,2016
1071,2015-12-08,8,8,December,Dec,12,2015,2,2016
1072,2015-12-09,9,9,December,Dec,12,2015,2,2016
1073,2015-12-10,10,10,December,Dec,12,2015,2,2016
1074,2015-12-11,11,11,December,Dec,12,2015,2,2016
1075,2015-12-12,12,12,December,Dec,12,2015,2,2016
1076,2015-12-13,13,13,December,Dec,12,2015,2,2016
1077,2015-12-14,14,14,December,Dec,12,2015,2,2016
1078,2015-12-15,15,15,December,Dec,12,2015,2,2016
1079,2015-12-16,16,16,December,Dec,12,2015,2,2016
1080,2015-12-17,17,17,December,Dec,12,2015,2,2016
1081,2015-12-18,18,18,December,Dec,12,2015,2,2016
1082,2015-12-19,19,19,December,Dec,12,2015,2,2016
1083,2015-12-20,20,20,December,Dec,12,2015,2,2016
1084,2015-12-21,21,21,December,Dec,12,2015,2,2016
1085,2015-12-22,22,22,December,Dec,12,2015,2,2016
1086,2015-12-23,23,23,December,Dec,12,2015,2,2016
1087,2015-12-24,24,24,December,Dec,12,2015,2,2016
1088,2015-12-25,25,25,December,Dec,12,2015,2,2016
1089,2015-12-26,26,26,December,Dec,12,2015,2,2016
1090,2015-12-27,27,27,December,Dec,12,2015,2,2016
1091,2015-12-28,28,28,December,Dec,12,2015,2,2016
1092,2015-12-29,29,29,December,Dec,12,2015,2,2016
1093,2015-12-30,30,30,December,Dec,12,2015,2,2016
1094,2015-12-31,31,31,December,Dec,12,2015,2,2016
1095,2016-01-01,1,1,January,Jan,1,2016,3,2016
1096,2016-01-02,2,2,January,Jan,1,2016,3,2016
1097,2016-01-03,3,3,January,Jan,1,2016,3,2016
1098,2016-01-04,4,4,January,Jan,1,2016,3,2016
1099,2016-01-05,5,5,January,Jan,1,2016,3,2016
1100,2016-01-06,6,6,January,Jan,1,2016,3,2016
1101,2016-01-07,7,7,January,Jan,1,2016,3,2016
1102,2016-01-08,8,8,January,Jan,1,2016,3,2016
1103,2016-01-09,9,9,January,Jan,1,2016,3,2016
1104,2016-01-10,10,10,January,Jan,1,2016,3,2016
1105,2016-01-11,11,11,January,Jan,1,2016,3,2016
1106,2016-01-12,12,12,January,Jan,1,2016,3,2016
1107,2016-01-13,13,13,January,Jan,1,2016,3,2016
1108,2016-01-14,14,14,January,Jan,1,2016,3,2016
1109,2016-01-15,15,15,January,Jan,1,2016,3,2016
1110,2016-01-16,16,16,January,Jan,1,2016,3,2016
1111,2016-01-17,17,17,January,Jan,1,2016,3,2016
1112,2016-01-18,18,18,January,Jan,1,2016,3,2016
1113,2016-01-19,19,19,January,Jan,1,2016,3,2016
1114,2016-01-20,20,20,January,Jan,1,2016,3,2016
1115,2016-01-21,21,21,January,Jan,1,2016,3,2016
1116,2016-01-22,22,22,January,Jan,1,2016,3,2016
1117,2016-01-23,23,23,January,Jan,1,2016,3,2016
1118,2016-01-24,24,24,January,Jan,1,2016,3,2016
1119,2016-01-25,25,25,January,Jan,1,2016,3,2016
1120,2016-01-26,26,26,January,Jan,1,2016,3,2016
1121,2016-01-27,27,27,January,Jan,1,2016,3,2016
1122,2016-01-28,28,28,January,Jan,1,2016,3,2016
1123,2016-01-29,29,29,January,Jan,1,2016,3,2016
1124,2016-01-30,30,30,January,Jan,1,2016,3,2016
1125,2016-01-31,31,31,January,Jan,1,2016,3,2016
1126,2016-02-01,1,1,February,Feb,2,2016,4,2016
1127,2016-02-02,2,2,February,Feb,2,2016,4,2016
1128,2016-02-03,3,3,February,Feb,2,2016,4,2016
1129,2016-02-04,4,4,February,Feb,2,2016,4,2016
1130,2016-02-05,5,5,February,Feb,2,2016,4,2016
1131,2016-02-06,6,6,February,Feb,2,2016,4,2016
1132,2016-02-07,7,7,February,Feb,2,2016,4,2016
1133,2016-02-08,8,8,February,Feb,2,2016,4,2016
1134,2016-02-09,9,9,February,Feb,2,2016,4,2016
1135,2016-02-10,10,10,February,Feb,2,2016,4,2016
1136,2016-02-11,11,11,February,Feb,2,2016,4,2016
1137,2016-02-12,12,12,February,Feb,2,2016,4,2016
1138,2016-02-13,13,13,February,Feb,2,2016,4,2016
1139,2016-02-14,14,14,February,Feb,2,2016,4,2016
1140,2016-02-15,15,15,February,Feb,2,2016,4,2016
1141,2016-02-16,16,16,February,Feb,2,2016,4,2016
1142,2016-02-17,17,17,February,Feb,2,2016,4,2016
1143,2016-02-18,18,18,February,Feb,2,2016,4,2016
1144,2016-02-19,19,19,February,Feb,2,2016,4,2016
1145,2016-02-20,20,20,February,Feb,2,2016,4,2016
1146,2016-02-21,21,21,February,Feb,2,2016,4,2016
1147,2016-02-22,22,22,February,Feb,2,2016,4,2016
1148,2016-02-23,23,23,February,Feb,2,2016,4,2016
1149,2016-02-24,24,24,February,Feb,2,2016,4,2016
1150,2016-02-25,25,25,February,Feb,2,2016,4,2016
1151,2016-02-26,26,26,February,Feb,2,2016,4,2016
1152,2016-02-27,27,27,February,Feb,2,2016,4,2016
1153,2016-02-28,28,28,February,Feb,2,2016,4,2016
1154,2016-02-29,29,29,February,Feb,2,2016,4,2016
1155,2016-03-01,1,1,March,Mar,3,2016,5,2016
1156,2016-03-02,2,2,March,Mar,3,2016,5,2016
1157,2016-03-03,3,3,March,Mar,3,2016,5,2016
1158,2016-03-04,4,4,March,Mar,3,2016,5,2016
1159,2016-03-05,5,5,March,Mar,3,2016,5,2016
1160,2016-03-06,6,6,March,Mar,3,2016,5,2016
1161,2016-03-07,7,7,March,Mar,3,2016,5,2016
1162,2016-03-08,8,8,March,Mar,3,2016,5,2016
1163,2016-03-09,9,9,March,Mar,3,2016,5,2016
1164,2016-03-10,10,10,March,Mar,3,2016,5,2016
1165,2016-03-11,11,11,March,Mar,3,2016,5,2016
1166,2016-03-12,12,12,March,Mar,3,2016,5,2016
1167,2016-03-13,13,13,March,Mar,3,2016,5,2016
1168,2016-03-14,14,14,March,Mar,3,2016,5,2016
1169,2016-03-15,15,15,March,Mar,3,2016,5,2016
1170,2016-03-16,16,16,March,Mar,3,2016,5,2016
1171,2016-03-17,17,17,March,Mar,3,2016,5,2016
1172,2016-03-18,18,18,March,Mar,3,2016,5,2016
1173,2016-03-19,19,19,March,Mar,3,2016,5,2016
1174,2016-03-20,20,20,March,Mar,3,2016,5,2016
1175,2016-03-21,21,21,March,Mar,3,2016,5,2016
1176,2016-03-22,22,22,March,Mar,3,2016,5,2016
1177,2016-03-23,23,23,March,Mar,3,2016,5,2016
1178,2016-03-24,24,24,March,Mar,3,2016,5,2016
1179,2016-03-25,25,25,March,Mar,3,2016,5,2016
1180,2016-03-26,26,26,March,Mar,3,2016,5,2016
1181,2016-03-27,27,27,March,Mar,3,2016,5,2016
1182,2016-03-28,28,28,March,Mar,3,2016,5,2016
1183,2016-03-29,29,29,March,Mar,3,2016,5,2016
1184,2016-03-30,30,30,March,Mar,3,2016,5,2016
1185,2016-03-31,31,31,March,Mar,3,2016,5,2016
1186,2016-04-01,1,1,April,Apr,4,2016,6,2016
1187,2016-04-02,2,2,April,Apr,4,2016,6,2016
1188,2016-04-03,3,3,April,Apr,4,2016,6,2016
1189,2016-04-04,4,4,April,Apr,4,2016,6,2016
1190,2016-04-05,5,5,April,Apr,4,2016,6,2016
1191,2016-04-06,6,6,April,Apr,4,2016,6,2016
1192,2016-04-07,7,7,April,Apr,4,2016,6,2016
1193,2016-04-08,8,8,April,Apr,4,2016,6,2016
1194,2016-04-09,9,9,April,Apr,4,2016,6,2016
1195,2016-04-10,10,10,April,Apr,4,2016,6,2016
1196,2016-04-11,11,11,April,Apr,4,2016,6,2016
1197,2016-04-12,12,12,April,Apr,4,2016,6,2016
1198,2016-04-13,13,13,April,Apr,4,2016,6,2016
1199,2016-04-14,14,14,April,Apr,4,2016,6,2016
1200,2016-04-15,15,15,April,Apr,4,2016,6,2016
1201,2016-04-16,16,16,April,Apr,4,2016,6,2016
1202,2016-04-17,17,17,April,Apr,4,2016,6,2016
1203,2016-04-18,18,18,April,Apr,4,2016,6,2016
1204,2016-04-19,19,19,April,Apr,4,2016,6,2016
1205,2016-04-20,20,20,April,Apr,4,2016,6,2016
1206,2016-04-21,21,21,April,Apr,4,2016,6,2016
1207,2016-04-22,22,22,April,Apr,4,2016,6,2016
1208,2016-04-23,23,23,April,Apr,4,2016,6,2016
1209,2016-04-24,24,24,April,Apr,4,2016,6,2016
1210,2016-04-25,25,25,April,Apr,4,2016,6,2016
1211,2016-04-26,26,26,April,Apr,4,2016,6,2016
1212,2016-04-27,27,27,April,Apr,4,2016,6,2016
1213,2016-04-28,28,28,April,Apr,4,2016,6,2016
1214,2016-04-29,29,29,April,Apr,4,2016,6,2016
1215,2016-04-30,30,30,April,Apr,4,2016,6,2016
1216,2016-05-01,1,1,May,May,5,2016,7,2016
1217,2016-05-02,2,2,May,May,5,2016,7,2016
1218,2016-05-03,3,3,May,May,5,2016,7,2016
1219,2016-05-04,4,4,May,May,5,2016,7,2016
1220,2016-05-05,5,5,May,May,5,2016,7,2016
1221,2016-05-06,6,6,May,May,5,2016,7,2016
1222,2016-05-07,7,7,May,May,5,2016,7,2016
1223,2016-05-08,8,8,May,May,5,2016,7,2016
1224,2016-05-09,9,9,May,May,5,2016,7,2016
1225,2016-05-10,10,10,May,May,5,2016,7,2016
1226,2016-05-11,11,11,May,May,5,2016,7,2016
1227,2016-05-12,12,12,May,May,5,2016,7,2016
1228,2016-05-13,13,13,May,May,5,2016,7,2016
1229,2016-05-14,14,14,May,May,5,2016,7,2016
1230,2016-05-15,15,15,May,May,5,2016,7,2016
1231,2016-05-16,16,16,May,May,5,2016,7,2016
1232,2016-05-17,17,17,May,May,5,2016,7,2016
1233,2016-05-18,18,18,May,May,5,2016,7,2016
1234,2016-05-19,19,19,May,May,5,2016,7,2016
1235,2016-05-20,20,20,May,May,5,2016,7,2016
1236,2016-05-21,21,21,May,May,5,2016,7,2016
1237,2016-05-22,22,22,May,May,5,2016,7,2016
1238,2016-05-23,23,23,May,May,5,2016,7,2016
1239,2016-05-24,24,24,May,May,5,2016,7,2016
1240,2016-05-25,25,25,May,May,5,2016,7,2016
1241,2016-05-26,26,26,May,May,5,2016,7,2016
1242,2016-05-27,27,27,May,May,5,2016,7,2016
1243,2016-05-28,28,28,May,May,5,2016,7,2016
1244,2016-05-29,29,29,May,May,5,2016,7,2016
1245,2016-05-30,30,30,May,May,5,2016,7,2016
1246,2016-05-31,31,31,May,May,5,2016,7,2016
1247,2016-06-01,1,1,June,Jun,6,2016,8,2016
1248,2016-06-02,2,2,June,Jun,6,2016,8,2016
1249,2016-06-03,3,3,June,Jun,6,2016,8,2016
1250,2016-06-04,4,4,June,Jun,6,2016,8,2016
1251,2016-06-05,5,5,June,Jun,6,2016,8,2016
1252,2016-06-06,6,6,June,Jun,6,2016,8,2016
1253,2016-06-07,7,7,June,Jun,6,2016,8,2016
1254,2016-06-08,8,8,June,Jun,6,2016,8,2016
1255,2016-06-09,9,9,June,Jun,6,2016,8,2016
1256,2016-06-10,10,10,June,Jun,6,2016,8,2016
1257,2016-06-11,11,11,June,Jun,6,2016,8,2016
1258,2016-06-12,12,12,June,Jun,6,2016,8,2016
1259,2016-06-13,13,13,June,Jun,6,2016,8,2016
1260,2016-06-14,14,14,June,Jun,6,2016,8,2016
1261,2016-06-15,15,15,June,Jun,6,2016,8,2016
1262,2016-06-16,16,16,June,Jun,6,2016,8,2016
1263,2016-06-17,17,17,June,Jun,6,2016,8,2016
1264,2016-06-18,18,18,June,Jun,6,2016,8,2016
1265,2016-06-19,19,19,June,Jun,6,2016,8,2016
1266,2016-06-20,20,20,June,Jun,6,2016,8,2016
1267,2016-06-21,21,21,June,Jun,6,2016,8,2016
1268,2016-06-22,22,22,June,Jun,6,2016,8,2016
1269,2016-06-23,23,23,June,Jun,6,2016,8,2016
1270,2016-06-24,24,24,June,Jun,6,2016,8,2016
1271,2016-06-25,25,25,June,Jun,6,2016,8,2016
1272,2016-06-26,26,26,June,Jun,6,2016,8,2016
1273,2016-06-27,27,27,June,Jun,6,2016,8,2016
1274,2016-06-28,28,28,June,Jun,6,2016,8,2016
1275,2016-06-29,29,29,June,Jun,6,2016,8,2016
1276,2016-06-30,30,30,June,Jun,6,2016,8,2016
1277,2016-07-01,1,1,July,Jul,7,2016,9,2016
1278,2016-07-02,2,2,July,Jul,7,2016,9,2016
1279,2016-07-03,3,3,July,Jul,7,2016,9,2016
1280,2016-07-04,4,4,July,Jul,7,2016,9,2016
1281,2016-07-05,5,5,July,Jul,7,2016,9,2016
1282,2016-07-06,6,6,July,Jul,7,2016,9,2016
1283,2016-07-07,7,7,July,Jul,7,2016,9,2016
1284,2016-07-08,8,8,July,Jul,7,2016,9,2016
1285,2016-07-09,9,9,July,Jul,7,2016,9,2016
1286,2016-07-10,10,10,July,Jul,7,2016,9,2016
1287,2016-07-11,11,11,July,Jul,7,2016,9,2016
1288,2016-07-12,12,12,July,Jul,7,2016,9,2016
1289,2016-07-13,13,13,July,Jul,7,2016,9,2016
1290,2016-07-14,14,14,July,Jul,7,2016,9,2016
1291,2016-07-15,15,15,July,Jul,7,2016,9,2016
1292,2016-07-16,16,16,July,Jul,7,2016,9,2016
1293,2016-07-17,17,17,July,Jul,7,2016,9,2016
1294,2016-07-18,18,18,July,Jul,7,2016,9,2016
1295,2016-07-19,19,19,July,Jul,7,2016,9,2016
1296,2016-07-20,20,20,July,Jul,7,2016,9,2016
1297,2016-07-21,21,21,July,Jul,7,2016,9,2016
1298,2016-07-22,22,22,July,Jul,7,2016,9,2016
1299,2016-07-23,23,23,July,Jul,7,2016,9,2016
1300,2016-07-24,24,24,July,Jul,7,2016,9,2016
1301,2016-07-25,25,25,July,Jul,7,2016,9,2016
1302,2016-07-26,26,26,July,Jul,7,2016,9,2016
1303,2016-07-27,27,27,July,Jul,7,2016,9,2016
1304,2016-07-28,28,28,July,Jul,7,2016,9,2016
1305,2016-07-29,29,29,July,Jul,7,2016,9,2016
1306,2016-07-30,30,30,July,Jul,7,2016,9,2016
1307,2016-07-31,31,31,July,Jul,7,2016,9,2016
1308,2016-08-01,1,1,August,Aug,8,2016,10,2016
1309,2016-08-02,2,2,August,Aug,8,2016,10,2016
1310,2016-08-03,3,3,August,Aug,8,2016,10,2016
1311,2016-08-04,4,4,August,Aug,8,2016,10,2016
1312,2016-08-05,5,5,August,Aug,8,2016,10,2016
1313,2016-08-06,6,6,August,Aug,8,2016,10,2016
1314,2016-08-07,7,7,August,Aug,8,2016,10,2016
1315,2016-08-08,8,8,August,Aug,8,2016,10,2016
1316,2016-08-09,9,9,August,Aug,8,2016,10,2016
1317,2016-08-10,10,10,August,Aug,8,2016,10,2016
1318,2016-08-11,11,11,August,Aug,8,2016,10,2016
1319,2016-08-12,12,12,August,Aug,8,2016,10,2016
1320,2016-08-13,13,13,August,Aug,8,2016,10,2016
1321,2016-08-14,14,14,August,Aug,8,2016,10,2016
1322,2016-08-15,15,15,August,Aug,8,2016,10,2016
1323,2016-08-16,16,16,August,Aug,8,2016,10,2016
1324,2016-08-17,17,17,August,Aug,8,2016,10,2016
1325,2016-08-18,18,18,August,Aug,8,2016,10,2016
1326,2016-08-19,19,19,August,Aug,8,2016,10,2016
1327,2016-08-20,20,20,August,Aug,8,2016,10,2016
1328,2016-08-21,21,21,August,Aug,8,2016,10,2016
1329,2016-08-22,22,22,August,Aug,8,2016,10,2016
1330,2016-08-23,23,23,August,Aug,8,2016,10,2016
1331,2016-08-24,24,24,August,Aug,8,2016,10,2016
1332,2016-08-25,25,25,August,Aug,8,2016,10,2016
1333,2016-08-26,26,26,August,Aug,8,2016,10,2016
1334,2016-08-27,27,27,August,Aug,8,2016,10,2016
1335,2016-08-28,28,28,August,Aug,8,2016,10,2016
1336,2016-08-29,29,29,August,Aug,8,2016,10,2016
1337,2016-08-30,30,30,August,Aug,8,2016,10,2016
1338,2016-08-31,31,31,August,Aug,8,2016,10,2016
1339,2016-09-01,1,1,September,Sep,9,2016,11,2016
1340,2016-09-02,2,2,September,Sep,9,2016,11,2016
1341,2016-09-03,3,3,September,Sep,9,2016,11,2016
1342,2016-09-04,4,4,September,Sep,9,2016,11,2016
1343,2016-09-05,5,5,September,Sep,9,2016,11,2016
1344,2016-09-06,6,6,September,Sep,9,2016,11,2016
1345,2016-09-07,7,7,September,Sep,9,2016,11,2016
1346,2016-09-08,8,8,September,Sep,9,2016,11,2016
1347,2016-09-09,9,9,September,Sep,9,2016,11,2016
1348,2016-09-10,10,10,September,Sep,9,2016,11,2016
1349,2016-09-11,11,11,September,Sep,9,2016,11,2016
1350,2016-09-12,12,12,September,Sep,9,2016,11,2016
1351,2016-09-13,13,13,September,Sep,9,2016,11,2016
1352,2016-09-14,14,14,September,Sep,9,2016,11,2016
1353,2016-09-15,15,15,September,Sep,9,2016,11,2016
1354,2016-09-16,16,16,September,Sep,9,2016,11,2016
1355,2016-09-17,17,17,September,Sep,9,2016,11,2016
1356,2016-09-18,18,18,September,Sep,9,2016,11,2016
1357,2016-09-19,19,19,September,Sep,9,2016,11,2016
1358,2016-09-20,20,20,September,Sep,9,2016,11,2016
1359,2016-09-21,21,21,September,Sep,9,2016,11,2016
1360,2016-09-22,22,22,September,Sep,9,2016,11,2016
1361,2016-09-23,23,23,September,Sep,9,2016,11,2016
1362,2016-09-24,24,24,September,Sep,9,2016,11,2016
1363,2016-09-25,25,25,September,Sep,9,2016,11,2016
1364,2016-09-26,26,26,September,Sep,9,2016,11,2016
1365,2016-09-27,27,27,September,Sep,9,2016,11,2016
1366,2016-09-28,28,28,September,Sep,9,2016,11,2016
1367,2016-09-29,29,29,September,Sep,9,2016,11,2016
1368,2016-09-30,30,30,September,Sep,9,2016,11,2016
1369,2016-10-01,1,1,October,Oct,10,2016,12,2016
1370,2016-10-02,2,2,October,Oct,10,2016,12,2016
1371,2016-10-03,3,3,October,Oct,10,2016,12,2016
1372,2016-10-04,4,4,October,Oct,10,2016,12,2016
1373,2016-10-05,5,5,October,Oct,10,2016,12,2016
1374,2016-10-06,6,6,October,Oct,10,2016,12,2016
1375,2016-10-07,7,7,October,Oct,10,2016,12,2016
1376,2016-10-08,8,8,October,Oct,10,2016,12,2016
1377,2016-10-09,9,9,October,Oct,10,2016,12,2016
1378,2016-10-10,10,10,October,Oct,10,2016,12,2016
1379,2016-10-11,11,11,October,Oct,10,2016,12,2016
1380,2016-10-12,12,12,October,Oct,10,2016,12,2016
1381,2016-10-13,13,13,October,Oct,10,2016,12,2016
1382,2016-10-14,14,14,October,Oct,10,2016,12,2016
1383,2016-10-15,15,15,October,Oct,10,2016,12,2016
1384,2016-10-16,16,16,October,Oct,10,2016,12,2016
1385,2016-10-17,17,17,October,Oct,10,2016,12,2016
1386,2016-10-18,18,18,October,Oct,10,2016,12,2016
1387,2016-10-19,19,19,October,Oct,10,2016,12,2016
1388,2016-10-20,20,20,October,Oct,10,2016,12,2016
1389,2016-10-21,21,21,October,Oct,10,2016,12,2016
1390,2016-10-22,22,22,October,Oct,10,2016,12,2016
1391,2016-10-23,23,23,October,Oct,10,2016,12,2016
1392,2016-10-24,24,24,October,Oct,10,2016,12,2016
1393,2016-10-25,25,25,October,Oct,10,2016,12,2016
1394,2016-10-26,26,26,October,Oct,10,2016,12,2016
1395,2016-10-27,27,27,October,Oct,10,2016,12,2016
1396,2016-10-28,28,28,October,Oct,10,2016,12,2016
1397,2016-10-29,29,29,October,Oct,10,2016,12,2016
1398,2016-10-30,30,30,October,Oct,10,2016,12,2016
1399,2016-10-31,31,31,October,Oct,10,2016,12,2016
1400,2016-11-01,1,1,November,Nov,11,2016,1,2017
1401,2016-11-02,2,2,November,Nov,11,2016,1,2017
1402,2016-11-03,3,3,November,Nov,11,2016,1,2017
1403,2016-11-04,4,4,November,Nov,11,2016,1,2017
1404,2016-11-05,5,5,November,Nov,11,2016,1,2017
1405,2016-11-06,6,6,November,Nov,11,2016,1,2017
1406,2016-11-07,7,7,November,Nov,11,2016,1,2017
1407,2016-11-08,8,8,November,Nov,11,2016,1,2017
1408,2016-11-09,9,9,November,Nov,11,2016,1,2017
1409,2016-11-10,10,10,November,Nov,11,2016,1,2017
1410,2016-11-11,11,11,November,Nov,11,2016,1,2017
1411,2016-11-12,12,12,November,Nov,11,2016,1,2017
1412,2016-11-13,13,13,November,Nov,11,2016,1,2017
1413,2016-11-14,14,14,November,Nov,11,2016,1,2017
1414,2016-11-15,15,15,November,Nov,11,2016,1,2017
1415,2016-11-16,16,16,November,Nov,11,2016,1,2017
1416,2016-11-17,17,17,November,Nov,11,2016,1,2017
1417,2016-11-18,18,18,November,Nov,11,2016,1,2017
1418,2016-11-19,19,19,November,Nov,11,2016,1,2017
1419,2016-11-20,20,20,November,Nov,11,2016,1,2017
1420,2016-11-21,21,21,November,Nov,11,2016,1,2017
1421,2016-11-22,22,22,November,Nov,11,2016,1,2017
1422,2016-11-23,23,23,November,Nov,11,2016,1,2017
1423,2016-11-24,24,24,November,Nov,11,2016,1,2017
1424,2016-11-25,25,25,November,Nov,11,2016,1,2017
1425,2016-11-26,26,26,November,Nov,11,2016,1,2017
1426,2016-11-27,27,27,November,Nov,11,2016,1,2017
1427,2016-11-28,28,28,November,Nov,11,2016,1,2017
1428,2016-11-29,29,29,November,Nov,11,2016,1,2017
1429,2016-11-30,30,30,November,Nov,11,2016,1,2017
1430,2016-12-01,1,1,December,Dec,12,2016,2,2017
1431,2016-12-02,2,2,December,Dec,12,2016,2,2017
1432,2016-12-03,3,3,December,Dec,12,2016,2,2017
1433,2016-12-04,4,4,December,Dec,12,2016,2,2017
1434,2016-12-05,5,5,December,Dec,12,2016,2,2017
1435,2016-12-06,6,6,December,Dec,12,2016,2,2017
1436,2016-12-07,7,7,December,Dec,12,2016,2,2017
1437,2016-12-08,8,8,December,Dec,12,2016,2,2017
1438,2016-12-09,9,9,December,Dec,12,2016,2,2017
1439,2016-12-10,10,10,December,Dec,12,2016,2,2017
1440,2016-12-11,11,11,December,Dec,12,2016,2,2017
1441,2016-12-12,12,12,December,Dec,12,2016,2,2017
1442,2016-12-13,13,13,December,Dec,12,2016,2,2017
1443,2016-12-14,14,14,December,Dec,12,2016,2,2017
1444,2016-12-15,15,15,December,Dec,12,2016,2,2017
1445,2016-12-16,16,16,December,Dec,12,2016,2,2017
1446,2016-12-17,17,17,December,Dec,12,2016,2,2017
1447,2016-12-18,18,18,December,Dec,12,2016,2,2017
1448,2016-12-19,19,19,December,Dec,12,2016,2,2017
1449,2016-12-20,20,20,December,Dec,12,2016,2,2017
1450,2016-12-21,21,21,December,Dec,12,2016,2,2017
1451,2016-12-22,22,22,December,Dec,12,2016,2,2017
1452,2016-12-23,23,23,December,Dec,12,2016,2,2017
1453,2016-12-24,24,24,December,Dec,12,2016,2,2017
1454,2016-12-25,25,25,December,Dec,12,2016,2,2017
1455,2016-12-26,26,26,December,Dec,12,2016,2,2017
1456,2016-12-27,27,27,December,Dec,12,2016,2,2017
1457,2016-12-28,28,28,December,Dec,12,2016,2,2017
1458,2016-12-29,29,29,December,Dec,12,2016,2,2017
1459,2016-12-30,30,30,December,Dec,12,2016,2,2017
1460,2016-12-31,31,31,December,Dec,12,2016,2,2017
